quick-correctness	Set up job	﻿2026-10-07T20:02:55.6367415Z Current runner version: '2.337.0'
quick-correctness	Set up job	2026-10-07T20:02:55.6392213Z ##[group]Runner Image Provisioner
quick-correctness	Set up job	2026-10-07T20:02:55.6393106Z Hosted Compute Agent
quick-correctness	Set up job	2026-10-07T20:02:55.6393819Z Version: 20261002.596
quick-correctness	Set up job	2026-10-07T20:02:55.6394466Z Commit: c3d12f3313a95f25162a1503be624f3b0617f8c0
quick-correctness	Set up job	2026-10-07T20:02:55.6395207Z Build Date: 2026-10-02T22:28:27Z
quick-correctness	Set up job	2026-10-07T20:02:55.6396336Z Worker ID: {575bcafb-0286-4121-a633-263058ca9ddd}
quick-correctness	Set up job	2026-10-07T20:02:55.6397095Z Region: westcentralus
quick-correctness	Set up job	2026-10-07T20:02:55.6397772Z Cloud: Azure
quick-correctness	Set up job	2026-10-07T20:02:55.6398414Z ##[endgroup]
quick-correctness	Set up job	2026-10-07T20:02:55.6400084Z ##[group]Operating System
quick-correctness	Set up job	2026-10-07T20:02:55.6400858Z Ubuntu
quick-correctness	Set up job	2026-10-07T20:02:55.6401408Z 24.04.5
quick-correctness	Set up job	2026-10-07T20:02:55.6402004Z LTS
quick-correctness	Set up job	2026-10-07T20:02:55.6402571Z ##[endgroup]
quick-correctness	Set up job	2026-10-07T20:02:55.6403180Z ##[group]Runner Image
quick-correctness	Set up job	2026-10-07T20:02:55.6403860Z Image: ubuntu-24.04
quick-correctness	Set up job	2026-10-07T20:02:55.6404454Z Version: 20261004.327.1
quick-correctness	Set up job	2026-10-07T20:02:55.6405569Z Included Software: https://github.com/actions/runner-images/blob/ubuntu24/20261004.327/images/ubuntu/Ubuntu2404-Readme.md
quick-correctness	Set up job	2026-10-07T20:02:55.6407735Z Image Release: https://github.com/actions/runner-images/releases/tag/ubuntu24%2F20261004.327
quick-correctness	Set up job	2026-10-07T20:02:55.6408795Z ##[endgroup]
quick-correctness	Set up job	2026-10-07T20:02:55.6409992Z ##[group]GITHUB_TOKEN Permissions
quick-correctness	Set up job	2026-10-07T20:02:55.6412123Z Contents: read
quick-correctness	Set up job	2026-10-07T20:02:55.6412782Z Metadata: read
quick-correctness	Set up job	2026-10-07T20:02:55.6413787Z ##[endgroup]
quick-correctness	Set up job	2026-10-07T20:02:55.6416109Z Secret source: Actions
quick-correctness	Set up job	2026-10-07T20:02:55.6417232Z Cache mode: write
quick-correctness	Set up job	2026-10-07T20:02:55.6418021Z Prepare workflow directory
quick-correctness	Set up job	2026-10-07T20:02:55.6806376Z Prepare all required actions
quick-correctness	Set up job	2026-10-07T20:02:55.6853340Z Getting action download info
quick-correctness	Set up job	2026-10-07T20:02:55.9777407Z Download action repository 'actions/checkout@v4' (SHA:11d5960a326750d5838078e36cf38b85af677262)
quick-correctness	Set up job	2026-10-07T20:02:56.0621240Z Download action repository 'dtolnay/rust-toolchain@1.89.0' (SHA:166de8caa14bb03d0e4ce3de7cc787f95ccf7188)
quick-correctness	Set up job	2026-10-07T20:02:56.2844361Z Download action repository 'actions/upload-artifact@v4' (SHA:ea165f8d65b6e75b540449e92b4886f43607fa02)
quick-correctness	Set up job	2026-10-07T20:02:56.5254449Z Complete job name: quick-correctness
quick-correctness	Run actions/checkout@v4	﻿2026-10-07T20:02:56.6027940Z ##[group]Run actions/checkout@v4
quick-correctness	Run actions/checkout@v4	2026-10-07T20:02:56.6028842Z with:
quick-correctness	Run actions/checkout@v4	2026-10-07T20:02:56.6029295Z   repository: Skyelabz210/NINE65_v7
quick-correctness	Run actions/checkout@v4	2026-10-07T20:02:56.6032901Z   token: ***
quick-correctness	Run actions/checkout@v4	2026-10-07T20:02:56.6033342Z   ssh-strict: true
quick-correctness	Run actions/checkout@v4	2026-10-07T20:02:56.6033794Z   ssh-user: git
quick-correctness	Run actions/checkout@v4	2026-10-07T20:02:56.6034244Z   persist-credentials: true
quick-correctness	Run actions/checkout@v4	2026-10-07T20:02:56.6034740Z   clean: true
quick-correctness	Run actions/checkout@v4	2026-10-07T20:02:56.6035208Z   sparse-checkout-cone-mode: true
quick-correctness	Run actions/checkout@v4	2026-10-07T20:02:56.6035940Z   fetch-depth: 1
quick-correctness	Run actions/checkout@v4	2026-10-07T20:02:56.6036404Z   fetch-tags: false
quick-correctness	Run actions/checkout@v4	2026-10-07T20:02:56.6036857Z   show-progress: true
quick-correctness	Run actions/checkout@v4	2026-10-07T20:02:56.6037317Z   lfs: false
quick-correctness	Run actions/checkout@v4	2026-10-07T20:02:56.6037877Z   submodules: false
quick-correctness	Run actions/checkout@v4	2026-10-07T20:02:56.6038670Z   set-safe-directory: true
quick-correctness	Run actions/checkout@v4	2026-10-07T20:02:56.6039374Z   allow-unsafe-pr-checkout: false
quick-correctness	Run actions/checkout@v4	2026-10-07T20:02:56.6040259Z ##[endgroup]
quick-correctness	Run actions/checkout@v4	2026-10-07T20:02:56.7140371Z Syncing repository: Skyelabz210/NINE65_v7
quick-correctness	Run actions/checkout@v4	2026-10-07T20:02:56.7142440Z ##[group]Getting Git version info
quick-correctness	Run actions/checkout@v4	2026-10-07T20:02:56.7143197Z Working directory is '/home/runner/work/NINE65_v7/NINE65_v7'
quick-correctness	Run actions/checkout@v4	2026-10-07T20:02:56.7144319Z [command]/usr/bin/git version
quick-correctness	Run actions/checkout@v4	2026-10-07T20:02:56.7168246Z git version 2.55.0
quick-correctness	Run actions/checkout@v4	2026-10-07T20:02:56.7190883Z ##[endgroup]
quick-correctness	Run actions/checkout@v4	2026-10-07T20:02:56.7208565Z Temporarily overriding HOME='/home/runner/work/_temp/f65b6c04-fb0d-45e3-bfb8-f7381f0bea4c' before making global git config changes
quick-correctness	Run actions/checkout@v4	2026-10-07T20:02:56.7211324Z Adding repository directory to the temporary git global config as a safe directory
quick-correctness	Run actions/checkout@v4	2026-10-07T20:02:56.7216298Z [command]/usr/bin/git config --global --add safe.directory /home/runner/work/NINE65_v7/NINE65_v7
quick-correctness	Run actions/checkout@v4	2026-10-07T20:02:56.7274478Z Deleting the contents of '/home/runner/work/NINE65_v7/NINE65_v7'
quick-correctness	Run actions/checkout@v4	2026-10-07T20:02:56.7280824Z ##[group]Initializing the repository
quick-correctness	Run actions/checkout@v4	2026-10-07T20:02:56.7286276Z [command]/usr/bin/git init /home/runner/work/NINE65_v7/NINE65_v7
quick-correctness	Run actions/checkout@v4	2026-10-07T20:02:56.7430731Z hint: Using 'master' as the name for the initial branch. This default branch name
quick-correctness	Run actions/checkout@v4	2026-10-07T20:02:56.7432999Z hint: will change to "main" in Git 3.0. To configure the initial branch name
quick-correctness	Run actions/checkout@v4	2026-10-07T20:02:56.7434741Z hint: to use in all of your new repositories, which will suppress this warning,
quick-correctness	Run actions/checkout@v4	2026-10-07T20:02:56.7436434Z hint: call:
quick-correctness	Run actions/checkout@v4	2026-10-07T20:02:56.7437211Z hint:
quick-correctness	Run actions/checkout@v4	2026-10-07T20:02:56.7439166Z hint: 	git config --global init.defaultBranch <name>
quick-correctness	Run actions/checkout@v4	2026-10-07T20:02:56.7440311Z hint:
quick-correctness	Run actions/checkout@v4	2026-10-07T20:02:56.7441353Z hint: Names commonly chosen instead of 'master' are 'main', 'trunk' and
quick-correctness	Run actions/checkout@v4	2026-10-07T20:02:56.7443011Z hint: 'development'. The just-created branch can be renamed via this command:
quick-correctness	Run actions/checkout@v4	2026-10-07T20:02:56.7444476Z hint:
quick-correctness	Run actions/checkout@v4	2026-10-07T20:02:56.7445244Z hint: 	git branch -m <name>
quick-correctness	Run actions/checkout@v4	2026-10-07T20:02:56.7446470Z hint:
quick-correctness	Run actions/checkout@v4	2026-10-07T20:02:56.7447635Z hint: Disable this message with "git config set advice.defaultBranchName false"
quick-correctness	Run actions/checkout@v4	2026-10-07T20:02:56.7449586Z Initialized empty Git repository in /home/runner/work/NINE65_v7/NINE65_v7/.git/
quick-correctness	Run actions/checkout@v4	2026-10-07T20:02:56.7457217Z [command]/usr/bin/git remote add origin https://github.com/Skyelabz210/NINE65_v7
quick-correctness	Run actions/checkout@v4	2026-10-07T20:02:56.7514224Z ##[endgroup]
quick-correctness	Run actions/checkout@v4	2026-10-07T20:02:56.7515605Z ##[group]Disabling automatic garbage collection
quick-correctness	Run actions/checkout@v4	2026-10-07T20:02:56.7519093Z [command]/usr/bin/git config --local gc.auto 0
quick-correctness	Run actions/checkout@v4	2026-10-07T20:02:56.7551371Z ##[endgroup]
quick-correctness	Run actions/checkout@v4	2026-10-07T20:02:56.7552713Z ##[group]Setting up auth
quick-correctness	Run actions/checkout@v4	2026-10-07T20:02:56.7559926Z [command]/usr/bin/git config --local --name-only --get-regexp core\.sshCommand
quick-correctness	Run actions/checkout@v4	2026-10-07T20:02:56.7593835Z [command]/usr/bin/git submodule foreach --recursive sh -c "git config --local --name-only --get-regexp 'core\.sshCommand' && git config --local --unset-all 'core.sshCommand' || :"
quick-correctness	Run actions/checkout@v4	2026-10-07T20:02:56.7980829Z [command]/usr/bin/git config --local --name-only --get-regexp http\.https\:\/\/github\.com\/\.extraheader
quick-correctness	Run actions/checkout@v4	2026-10-07T20:02:56.8020568Z [command]/usr/bin/git submodule foreach --recursive sh -c "git config --local --name-only --get-regexp 'http\.https\:\/\/github\.com\/\.extraheader' && git config --local --unset-all 'http.https://github.com/.extraheader' || :"
quick-correctness	Run actions/checkout@v4	2026-10-07T20:02:56.8263303Z [command]/usr/bin/git config --local --name-only --get-regexp ^includeIf\.gitdir:
quick-correctness	Run actions/checkout@v4	2026-10-07T20:02:56.8301023Z [command]/usr/bin/git submodule foreach --recursive git config --local --show-origin --name-only --get-regexp remote.origin.url
quick-correctness	Run actions/checkout@v4	2026-10-07T20:02:56.8529889Z [command]/usr/bin/git config --local http.https://github.com/.extraheader AUTHORIZATION: basic ***
quick-correctness	Run actions/checkout@v4	2026-10-07T20:02:56.8571008Z ##[endgroup]
quick-correctness	Run actions/checkout@v4	2026-10-07T20:02:56.8572292Z ##[group]Fetching the repository
quick-correctness	Run actions/checkout@v4	2026-10-07T20:02:56.8581195Z [command]/usr/bin/git -c protocol.version=2 fetch --no-tags --prune --no-recurse-submodules --depth=1 origin +84ce6da2a18faa2c63a55fa7d662aff670fbe472:refs/remotes/origin/codex/2026-10-07-ct-regression-followup
quick-correctness	Run actions/checkout@v4	2026-10-07T20:02:58.3543234Z From https://github.com/Skyelabz210/NINE65_v7
quick-correctness	Run actions/checkout@v4	2026-10-07T20:02:58.3547749Z  * [new ref]         84ce6da2a18faa2c63a55fa7d662aff670fbe472 -> origin/codex/2026-10-07-ct-regression-followup
quick-correctness	Run actions/checkout@v4	2026-10-07T20:02:58.3552652Z ##[endgroup]
quick-correctness	Run actions/checkout@v4	2026-10-07T20:02:58.3554363Z ##[group]Determining the checkout info
quick-correctness	Run actions/checkout@v4	2026-10-07T20:02:58.3556440Z ##[endgroup]
quick-correctness	Run actions/checkout@v4	2026-10-07T20:02:58.3558862Z [command]/usr/bin/git sparse-checkout disable
quick-correctness	Run actions/checkout@v4	2026-10-07T20:02:58.3616842Z [command]/usr/bin/git config --local --unset-all extensions.worktreeConfig
quick-correctness	Run actions/checkout@v4	2026-10-07T20:02:58.3653271Z ##[group]Checking out the ref
quick-correctness	Run actions/checkout@v4	2026-10-07T20:02:58.3667361Z [command]/usr/bin/git checkout --progress --force -B codex/2026-10-07-ct-regression-followup refs/remotes/origin/codex/2026-10-07-ct-regression-followup
quick-correctness	Run actions/checkout@v4	2026-10-07T20:02:58.4844697Z Switched to a new branch 'codex/2026-10-07-ct-regression-followup'
quick-correctness	Run actions/checkout@v4	2026-10-07T20:02:58.4848803Z branch 'codex/2026-10-07-ct-regression-followup' set up to track 'origin/codex/2026-10-07-ct-regression-followup'.
quick-correctness	Run actions/checkout@v4	2026-10-07T20:02:58.4858175Z ##[endgroup]
quick-correctness	Run actions/checkout@v4	2026-10-07T20:02:58.4906269Z [command]/usr/bin/git log -1 --format=%H
quick-correctness	Run actions/checkout@v4	2026-10-07T20:02:58.4932889Z 84ce6da2a18faa2c63a55fa7d662aff670fbe472
quick-correctness	Run dtolnay/rust-toolchain@1.89.0	﻿2026-10-07T20:02:58.5594013Z ##[group]Run dtolnay/rust-toolchain@1.89.0
quick-correctness	Run dtolnay/rust-toolchain@1.89.0	2026-10-07T20:02:58.5595508Z with:
quick-correctness	Run dtolnay/rust-toolchain@1.89.0	2026-10-07T20:02:58.5596699Z ##[endgroup]
quick-correctness	Run dtolnay/rust-toolchain@1.89.0	2026-10-07T20:02:58.5696683Z ##[start-action display=Parse toolchain version;id=__dtolnay_rust-toolchain.parse]
quick-correctness	Run dtolnay/rust-toolchain@1.89.0	2026-10-07T20:02:58.5777976Z ##[group]Run if [[ -z $toolchain ]]; then
quick-correctness	Run dtolnay/rust-toolchain@1.89.0	2026-10-07T20:02:58.5779279Z [36;1mif [[ -z $toolchain ]]; then[0m
quick-correctness	Run dtolnay/rust-toolchain@1.89.0	2026-10-07T20:02:58.5781112Z [36;1m  # GitHub does not enforce `required: true` inputs itself. https://github.com/actions/runner/issues/1070[0m
quick-correctness	Run dtolnay/rust-toolchain@1.89.0	2026-10-07T20:02:58.5783037Z [36;1m  echo "'toolchain' is a required input" >&2[0m
quick-correctness	Run dtolnay/rust-toolchain@1.89.0	2026-10-07T20:02:58.5784212Z [36;1m  exit 1[0m
quick-correctness	Run dtolnay/rust-toolchain@1.89.0	2026-10-07T20:02:58.5785487Z [36;1melif [[ $toolchain =~ ^stable' '[0-9]+' '(year|month|week|day)s?' 'ago$ ]]; then[0m
quick-correctness	Run dtolnay/rust-toolchain@1.89.0	2026-10-07T20:02:58.5787187Z [36;1m  if [[ Linux == macOS ]]; then[0m
quick-correctness	Run dtolnay/rust-toolchain@1.89.0	2026-10-07T20:02:58.5789046Z [36;1m    echo "toolchain=1.$((($(date -v-$(sed 's/stable \([0-9]*\) \(.\).*/\1\2/' <<< $toolchain) +%s)/60/60/24-16569)/7/6))" >> $GITHUB_OUTPUT[0m
quick-correctness	Run dtolnay/rust-toolchain@1.89.0	2026-10-07T20:02:58.5790930Z [36;1m  else[0m
quick-correctness	Run dtolnay/rust-toolchain@1.89.0	2026-10-07T20:02:58.5792425Z [36;1m    echo "toolchain=1.$((($(date --date "${toolchain#stable }" +%s)/60/60/24-16569)/7/6))" >> $GITHUB_OUTPUT[0m
quick-correctness	Run dtolnay/rust-toolchain@1.89.0	2026-10-07T20:02:58.5794153Z [36;1m  fi[0m
quick-correctness	Run dtolnay/rust-toolchain@1.89.0	2026-10-07T20:02:58.5795341Z [36;1melif [[ $toolchain =~ ^stable' 'minus' '[0-9]+' 'releases?$ ]]; then[0m
quick-correctness	Run dtolnay/rust-toolchain@1.89.0	2026-10-07T20:02:58.5797391Z [36;1m  echo "toolchain=1.$((($(date +%s)/60/60/24-16569)/7/6-${toolchain//[^0-9]/}))" >> $GITHUB_OUTPUT[0m
quick-correctness	Run dtolnay/rust-toolchain@1.89.0	2026-10-07T20:02:58.5799095Z [36;1melif [[ $toolchain =~ ^1\.[0-9]+$ ]]; then[0m
quick-correctness	Run dtolnay/rust-toolchain@1.89.0	2026-10-07T20:02:58.5800979Z [36;1m  echo "toolchain=1.$((i=${toolchain#1.}, c=($(date +%s)/60/60/24-16569)/7/6, i+9*i*(10*i<=c)+90*i*(100*i<=c)))" >> $GITHUB_OUTPUT[0m
quick-correctness	Run dtolnay/rust-toolchain@1.89.0	2026-10-07T20:02:58.5802746Z [36;1melse[0m
quick-correctness	Run dtolnay/rust-toolchain@1.89.0	2026-10-07T20:02:58.5803771Z [36;1m  echo "toolchain=$toolchain" >> $GITHUB_OUTPUT[0m
quick-correctness	Run dtolnay/rust-toolchain@1.89.0	2026-10-07T20:02:58.5804953Z [36;1mfi[0m
quick-correctness	Run dtolnay/rust-toolchain@1.89.0	2026-10-07T20:02:58.6066324Z shell: /usr/bin/bash --noprofile --norc -e -o pipefail {0}
quick-correctness	Run dtolnay/rust-toolchain@1.89.0	2026-10-07T20:02:58.6067750Z env:
quick-correctness	Run dtolnay/rust-toolchain@1.89.0	2026-10-07T20:02:58.6068625Z   toolchain: 1.89.0
quick-correctness	Run dtolnay/rust-toolchain@1.89.0	2026-10-07T20:02:58.6069539Z ##[endgroup]
quick-correctness	Run dtolnay/rust-toolchain@1.89.0	2026-10-07T20:02:58.6222942Z ##[end-action id=__dtolnay_rust-toolchain.parse;outcome=success;conclusion=success;duration_ms=52]
quick-correctness	Run dtolnay/rust-toolchain@1.89.0	2026-10-07T20:02:58.6240181Z ##[start-action display=Construct rustup command line;id=__dtolnay_rust-toolchain.flags]
quick-correctness	Run dtolnay/rust-toolchain@1.89.0	2026-10-07T20:02:58.6292080Z ##[group]Run echo "targets=$(for t in ${targets//,/ }; do echo -n ' --target' $t; done)" >> $GITHUB_OUTPUT
quick-correctness	Run dtolnay/rust-toolchain@1.89.0	2026-10-07T20:02:58.6294244Z [36;1mecho "targets=$(for t in ${targets//,/ }; do echo -n ' --target' $t; done)" >> $GITHUB_OUTPUT[0m
quick-correctness	Run dtolnay/rust-toolchain@1.89.0	2026-10-07T20:02:58.6296577Z [36;1mecho "components=$(for c in ${components//,/ }; do echo -n ' --component' $c; done)" >> $GITHUB_OUTPUT[0m
quick-correctness	Run dtolnay/rust-toolchain@1.89.0	2026-10-07T20:02:58.6298365Z [36;1mecho "downgrade=" >> $GITHUB_OUTPUT[0m
quick-correctness	Run dtolnay/rust-toolchain@1.89.0	2026-10-07T20:02:58.6357610Z shell: /usr/bin/bash --noprofile --norc -e -o pipefail {0}
quick-correctness	Run dtolnay/rust-toolchain@1.89.0	2026-10-07T20:02:58.6358867Z env:
quick-correctness	Run dtolnay/rust-toolchain@1.89.0	2026-10-07T20:02:58.6359675Z   targets: 
quick-correctness	Run dtolnay/rust-toolchain@1.89.0	2026-10-07T20:02:58.6360515Z   components: 
quick-correctness	Run dtolnay/rust-toolchain@1.89.0	2026-10-07T20:02:58.6361370Z ##[endgroup]
quick-correctness	Run dtolnay/rust-toolchain@1.89.0	2026-10-07T20:02:58.6471549Z ##[end-action id=__dtolnay_rust-toolchain.flags;outcome=success;conclusion=success;duration_ms=22]
quick-correctness	Run dtolnay/rust-toolchain@1.89.0	2026-10-07T20:02:58.6478091Z ##[start-action display=Set $CARGO_HOME;id=__dtolnay_rust-toolchain.__run]
quick-correctness	Run dtolnay/rust-toolchain@1.89.0	2026-10-07T20:02:58.6519505Z ##[group]Run echo CARGO_HOME=${CARGO_HOME:-"$HOME/.cargo"} >> $GITHUB_ENV
quick-correctness	Run dtolnay/rust-toolchain@1.89.0	2026-10-07T20:02:58.6521161Z [36;1mecho CARGO_HOME=${CARGO_HOME:-"$HOME/.cargo"} >> $GITHUB_ENV[0m
quick-correctness	Run dtolnay/rust-toolchain@1.89.0	2026-10-07T20:02:58.6580956Z shell: /usr/bin/bash --noprofile --norc -e -o pipefail {0}
quick-correctness	Run dtolnay/rust-toolchain@1.89.0	2026-10-07T20:02:58.6582241Z ##[endgroup]
quick-correctness	Run dtolnay/rust-toolchain@1.89.0	2026-10-07T20:02:58.6688090Z ##[end-action id=__dtolnay_rust-toolchain.__run;outcome=success;conclusion=success;duration_ms=20]
quick-correctness	Run dtolnay/rust-toolchain@1.89.0	2026-10-07T20:02:58.6694337Z ##[start-action display=Install rustup if needed;id=__dtolnay_rust-toolchain.__run_2]
quick-correctness	Run dtolnay/rust-toolchain@1.89.0	2026-10-07T20:02:58.6750522Z ##[group]Run if ! command -v rustup &>/dev/null; then
quick-correctness	Run dtolnay/rust-toolchain@1.89.0	2026-10-07T20:02:58.6751832Z [36;1mif ! command -v rustup &>/dev/null; then[0m
quick-correctness	Run dtolnay/rust-toolchain@1.89.0	2026-10-07T20:02:58.6754589Z [36;1m  curl --proto '=https' --tlsv1.2 --retry 10 --retry-connrefused --location --silent --show-error --fail https://sh.rustup.rs | sh -s -- --default-toolchain none -y[0m
quick-correctness	Run dtolnay/rust-toolchain@1.89.0	2026-10-07T20:02:58.6757274Z [36;1m  echo "$CARGO_HOME/bin" >> $GITHUB_PATH[0m
quick-correctness	Run dtolnay/rust-toolchain@1.89.0	2026-10-07T20:02:58.6758400Z [36;1mfi[0m
quick-correctness	Run dtolnay/rust-toolchain@1.89.0	2026-10-07T20:02:58.6817831Z shell: /usr/bin/bash --noprofile --norc -e -o pipefail {0}
quick-correctness	Run dtolnay/rust-toolchain@1.89.0	2026-10-07T20:02:58.6819074Z env:
quick-correctness	Run dtolnay/rust-toolchain@1.89.0	2026-10-07T20:02:58.6819909Z   CARGO_HOME: /home/runner/.cargo
quick-correctness	Run dtolnay/rust-toolchain@1.89.0	2026-10-07T20:02:58.6820912Z ##[endgroup]
quick-correctness	Run dtolnay/rust-toolchain@1.89.0	2026-10-07T20:02:58.6921667Z ##[end-action id=__dtolnay_rust-toolchain.__run_2;outcome=success;conclusion=success;duration_ms=22]
quick-correctness	Run dtolnay/rust-toolchain@1.89.0	2026-10-07T20:02:58.6928416Z ##[start-action display=Install rustup if needed on windows;id=__dtolnay_rust-toolchain.__run_3]
quick-correctness	Run dtolnay/rust-toolchain@1.89.0	2026-10-07T20:02:58.6942883Z ##[end-action id=__dtolnay_rust-toolchain.__run_3;outcome=skipped;conclusion=skipped;duration_ms=0]
quick-correctness	Run dtolnay/rust-toolchain@1.89.0	2026-10-07T20:02:58.6958950Z ##[start-action display=rustup toolchain install 1.89.0;id=__dtolnay_rust-toolchain.__run_4]
quick-correctness	Run dtolnay/rust-toolchain@1.89.0	2026-10-07T20:02:58.7001262Z ##[group]Run log=$(mktemp)
quick-correctness	Run dtolnay/rust-toolchain@1.89.0	2026-10-07T20:02:58.7002238Z [36;1mlog=$(mktemp)[0m
quick-correctness	Run dtolnay/rust-toolchain@1.89.0	2026-10-07T20:02:58.7003153Z [36;1mtrap 'rm -f "$log"' EXIT[0m
quick-correctness	Run dtolnay/rust-toolchain@1.89.0	2026-10-07T20:02:58.7004166Z [36;1mfor attempt in 1 2 3 4 5; do[0m
quick-correctness	Run dtolnay/rust-toolchain@1.89.0	2026-10-07T20:02:58.7006181Z [36;1m  if rustup toolchain install 1.89.0 --profile minimal --no-self-update --force-non-host 2>&1 | tee "$log"; then[0m
quick-correctness	Run dtolnay/rust-toolchain@1.89.0	2026-10-07T20:02:58.7007964Z [36;1m    break[0m
quick-correctness	Run dtolnay/rust-toolchain@1.89.0	2026-10-07T20:02:58.7008797Z [36;1m  else[0m
quick-correctness	Run dtolnay/rust-toolchain@1.89.0	2026-10-07T20:02:58.7009619Z [36;1m    status=$?[0m
quick-correctness	Run dtolnay/rust-toolchain@1.89.0	2026-10-07T20:02:58.7010488Z [36;1m  fi[0m
quick-correctness	Run dtolnay/rust-toolchain@1.89.0	2026-10-07T20:02:58.7011586Z [36;1m  if [[ $attempt == 5 ]] || ! grep -Fq 'checksum failed for ' "$log" \[0m
quick-correctness	Run dtolnay/rust-toolchain@1.89.0	2026-10-07T20:02:58.7013466Z [36;1m      || ! grep -Fq 'this is likely due to an ongoing update of the official release server' "$log"; then[0m
quick-correctness	Run dtolnay/rust-toolchain@1.89.0	2026-10-07T20:02:58.7015089Z [36;1m    exit "$status"[0m
quick-correctness	Run dtolnay/rust-toolchain@1.89.0	2026-10-07T20:02:58.7016255Z [36;1m  fi[0m
quick-correctness	Run dtolnay/rust-toolchain@1.89.0	2026-10-07T20:02:58.7017610Z [36;1m  echo "Retrying rustup toolchain install in 30 seconds (retry $attempt of 4)" >&2[0m
quick-correctness	Run dtolnay/rust-toolchain@1.89.0	2026-10-07T20:02:58.7019111Z [36;1m  sleep 30[0m
quick-correctness	Run dtolnay/rust-toolchain@1.89.0	2026-10-07T20:02:58.7019955Z [36;1mdone[0m
quick-correctness	Run dtolnay/rust-toolchain@1.89.0	2026-10-07T20:02:58.7079319Z shell: /usr/bin/bash --noprofile --norc -e -o pipefail {0}
quick-correctness	Run dtolnay/rust-toolchain@1.89.0	2026-10-07T20:02:58.7080551Z env:
quick-correctness	Run dtolnay/rust-toolchain@1.89.0	2026-10-07T20:02:58.7081354Z   CARGO_HOME: /home/runner/.cargo
quick-correctness	Run dtolnay/rust-toolchain@1.89.0	2026-10-07T20:02:58.7082368Z   RUSTUP_PERMIT_COPY_RENAME: 1
quick-correctness	Run dtolnay/rust-toolchain@1.89.0	2026-10-07T20:02:58.7083322Z ##[endgroup]
quick-correctness	Run dtolnay/rust-toolchain@1.89.0	2026-10-07T20:02:58.7946746Z info: syncing channel updates for 1.89.0-x86_64-unknown-linux-gnu
quick-correctness	Run dtolnay/rust-toolchain@1.89.0	2026-10-07T20:02:59.0945981Z info: latest update on 2025-08-07 for version 1.89.0 (29483883e 2025-08-04)
quick-correctness	Run dtolnay/rust-toolchain@1.89.0	2026-10-07T20:02:59.0947434Z info: downloading 3 components
quick-correctness	Run dtolnay/rust-toolchain@1.89.0	2026-10-07T20:03:06.5948803Z 
quick-correctness	Run dtolnay/rust-toolchain@1.89.0	2026-10-07T20:03:06.6022049Z   1.89.0-x86_64-unknown-linux-gnu installed - rustc 1.89.0 (29483883e 2025-08-04)
quick-correctness	Run dtolnay/rust-toolchain@1.89.0	2026-10-07T20:03:06.6022623Z 
quick-correctness	Run dtolnay/rust-toolchain@1.89.0	2026-10-07T20:03:06.6098738Z ##[end-action id=__dtolnay_rust-toolchain.__run_4;outcome=success;conclusion=success;duration_ms=7913]
quick-correctness	Run dtolnay/rust-toolchain@1.89.0	2026-10-07T20:03:06.6106978Z ##[start-action display=rustup default 1.89.0;id=__dtolnay_rust-toolchain.__run_5]
quick-correctness	Run dtolnay/rust-toolchain@1.89.0	2026-10-07T20:03:06.6132370Z ##[group]Run rustup default 1.89.0 --force-non-host
quick-correctness	Run dtolnay/rust-toolchain@1.89.0	2026-10-07T20:03:06.6132805Z [36;1mrustup default 1.89.0 --force-non-host[0m
quick-correctness	Run dtolnay/rust-toolchain@1.89.0	2026-10-07T20:03:06.6197391Z shell: /usr/bin/bash --noprofile --norc -e -o pipefail {0}
quick-correctness	Run dtolnay/rust-toolchain@1.89.0	2026-10-07T20:03:06.6197798Z env:
quick-correctness	Run dtolnay/rust-toolchain@1.89.0	2026-10-07T20:03:06.6198051Z   CARGO_HOME: /home/runner/.cargo
quick-correctness	Run dtolnay/rust-toolchain@1.89.0	2026-10-07T20:03:06.6198356Z ##[endgroup]
quick-correctness	Run dtolnay/rust-toolchain@1.89.0	2026-10-07T20:03:06.6319661Z info: using existing install for 1.89.0-x86_64-unknown-linux-gnu
quick-correctness	Run dtolnay/rust-toolchain@1.89.0	2026-10-07T20:03:06.6325221Z info: default toolchain set to 1.89.0-x86_64-unknown-linux-gnu
quick-correctness	Run dtolnay/rust-toolchain@1.89.0	2026-10-07T20:03:06.6325567Z 
quick-correctness	Run dtolnay/rust-toolchain@1.89.0	2026-10-07T20:03:06.6396483Z   1.89.0-x86_64-unknown-linux-gnu unchanged - rustc 1.89.0 (29483883e 2025-08-04)
quick-correctness	Run dtolnay/rust-toolchain@1.89.0	2026-10-07T20:03:06.6397085Z 
quick-correctness	Run dtolnay/rust-toolchain@1.89.0	2026-10-07T20:03:06.6399362Z info: note that the toolchain '1.89.0-x86_64-unknown-linux-gnu' is currently in use (overridden by '/home/runner/work/NINE65_v7/NINE65_v7/rust-toolchain.toml')
quick-correctness	Run dtolnay/rust-toolchain@1.89.0	2026-10-07T20:03:06.6413473Z ##[end-action id=__dtolnay_rust-toolchain.__run_5;outcome=success;conclusion=success;duration_ms=30]
quick-correctness	Run dtolnay/rust-toolchain@1.89.0	2026-10-07T20:03:06.6416473Z ##[start-action display=Create cachekey;id=__dtolnay_rust-toolchain.rustc-version]
quick-correctness	Run dtolnay/rust-toolchain@1.89.0	2026-10-07T20:03:06.6441019Z ##[group]Run DATE=$(rustc +1.89.0 --version --verbose | sed -ne 's/^commit-date: \(20[0-9][0-9]\)-\([01][0-9]\)-\([0-3][0-9]\)$/\1\2\3/p')
quick-correctness	Run dtolnay/rust-toolchain@1.89.0	2026-10-07T20:03:06.6441888Z [36;1mDATE=$(rustc +1.89.0 --version --verbose | sed -ne 's/^commit-date: \(20[0-9][0-9]\)-\([01][0-9]\)-\([0-3][0-9]\)$/\1\2\3/p')[0m
quick-correctness	Run dtolnay/rust-toolchain@1.89.0	2026-10-07T20:03:06.6442572Z [36;1mHASH=$(rustc +1.89.0 --version --verbose | sed -ne 's/^commit-hash: //p')[0m
quick-correctness	Run dtolnay/rust-toolchain@1.89.0	2026-10-07T20:03:06.6443105Z [36;1mecho "cachekey=$(echo $DATE$HASH | head -c12)" >> $GITHUB_OUTPUT[0m
quick-correctness	Run dtolnay/rust-toolchain@1.89.0	2026-10-07T20:03:06.6506667Z shell: /usr/bin/bash --noprofile --norc -e -o pipefail {0}
quick-correctness	Run dtolnay/rust-toolchain@1.89.0	2026-10-07T20:03:06.6507073Z env:
quick-correctness	Run dtolnay/rust-toolchain@1.89.0	2026-10-07T20:03:06.6507324Z   CARGO_HOME: /home/runner/.cargo
quick-correctness	Run dtolnay/rust-toolchain@1.89.0	2026-10-07T20:03:06.6507640Z ##[endgroup]
quick-correctness	Run dtolnay/rust-toolchain@1.89.0	2026-10-07T20:03:06.6855229Z ##[end-action id=__dtolnay_rust-toolchain.rustc-version;outcome=success;conclusion=success;duration_ms=43]
quick-correctness	Run dtolnay/rust-toolchain@1.89.0	2026-10-07T20:03:06.6858506Z ##[start-action display=Disable incremental compilation;id=__dtolnay_rust-toolchain.__run_6]
quick-correctness	Run dtolnay/rust-toolchain@1.89.0	2026-10-07T20:03:06.6881708Z ##[group]Run if [ -z "${CARGO_INCREMENTAL+set}" ]; then
quick-correctness	Run dtolnay/rust-toolchain@1.89.0	2026-10-07T20:03:06.6882350Z [36;1mif [ -z "${CARGO_INCREMENTAL+set}" ]; then[0m
quick-correctness	Run dtolnay/rust-toolchain@1.89.0	2026-10-07T20:03:06.6882756Z [36;1m  echo CARGO_INCREMENTAL=0 >> $GITHUB_ENV[0m
quick-correctness	Run dtolnay/rust-toolchain@1.89.0	2026-10-07T20:03:06.6883097Z [36;1mfi[0m
quick-correctness	Run dtolnay/rust-toolchain@1.89.0	2026-10-07T20:03:06.6950764Z shell: /usr/bin/bash --noprofile --norc -e -o pipefail {0}
quick-correctness	Run dtolnay/rust-toolchain@1.89.0	2026-10-07T20:03:06.6951197Z env:
quick-correctness	Run dtolnay/rust-toolchain@1.89.0	2026-10-07T20:03:06.6951460Z   CARGO_HOME: /home/runner/.cargo
quick-correctness	Run dtolnay/rust-toolchain@1.89.0	2026-10-07T20:03:06.6951770Z ##[endgroup]
quick-correctness	Run dtolnay/rust-toolchain@1.89.0	2026-10-07T20:03:06.7062392Z ##[end-action id=__dtolnay_rust-toolchain.__run_6;outcome=success;conclusion=success;duration_ms=20]
quick-correctness	Run dtolnay/rust-toolchain@1.89.0	2026-10-07T20:03:06.7064842Z ##[start-action display=Enable colors in Cargo output;id=__dtolnay_rust-toolchain.__run_7]
quick-correctness	Run dtolnay/rust-toolchain@1.89.0	2026-10-07T20:03:06.7087113Z ##[group]Run if [ -z "${CARGO_TERM_COLOR+set}" ]; then
quick-correctness	Run dtolnay/rust-toolchain@1.89.0	2026-10-07T20:03:06.7087540Z [36;1mif [ -z "${CARGO_TERM_COLOR+set}" ]; then[0m
quick-correctness	Run dtolnay/rust-toolchain@1.89.0	2026-10-07T20:03:06.7087933Z [36;1m  echo CARGO_TERM_COLOR=always >> $GITHUB_ENV[0m
quick-correctness	Run dtolnay/rust-toolchain@1.89.0	2026-10-07T20:03:06.7088269Z [36;1mfi[0m
quick-correctness	Run dtolnay/rust-toolchain@1.89.0	2026-10-07T20:03:06.7149701Z shell: /usr/bin/bash --noprofile --norc -e -o pipefail {0}
quick-correctness	Run dtolnay/rust-toolchain@1.89.0	2026-10-07T20:03:06.7150094Z env:
quick-correctness	Run dtolnay/rust-toolchain@1.89.0	2026-10-07T20:03:06.7150343Z   CARGO_HOME: /home/runner/.cargo
quick-correctness	Run dtolnay/rust-toolchain@1.89.0	2026-10-07T20:03:06.7150643Z   CARGO_INCREMENTAL: 0
quick-correctness	Run dtolnay/rust-toolchain@1.89.0	2026-10-07T20:03:06.7150901Z ##[endgroup]
quick-correctness	Run dtolnay/rust-toolchain@1.89.0	2026-10-07T20:03:06.7237173Z ##[end-action id=__dtolnay_rust-toolchain.__run_7;outcome=success;conclusion=success;duration_ms=17]
quick-correctness	Run dtolnay/rust-toolchain@1.89.0	2026-10-07T20:03:06.7239565Z ##[start-action display=Enable Cargo sparse registry;id=__dtolnay_rust-toolchain.__run_8]
quick-correctness	Run dtolnay/rust-toolchain@1.89.0	2026-10-07T20:03:06.7262138Z ##[group]Run # implemented in 1.66, stabilized in 1.68, made default in 1.70
quick-correctness	Run dtolnay/rust-toolchain@1.89.0	2026-10-07T20:03:06.7262714Z [36;1m# implemented in 1.66, stabilized in 1.68, made default in 1.70[0m
quick-correctness	Run dtolnay/rust-toolchain@1.89.0	2026-10-07T20:03:06.7263482Z [36;1mif [ -z "${CARGO_REGISTRIES_CRATES_IO_PROTOCOL+set}" -o -f "/home/runner/work/_temp"/.implicit_cargo_registries_crates_io_protocol ]; then[0m
quick-correctness	Run dtolnay/rust-toolchain@1.89.0	2026-10-07T20:03:06.7264261Z [36;1m  if rustc +1.89.0 --version --verbose | grep -q '^release: 1\.6[89]\.'; then[0m
quick-correctness	Run dtolnay/rust-toolchain@1.89.0	2026-10-07T20:03:06.7264877Z [36;1m    touch "/home/runner/work/_temp"/.implicit_cargo_registries_crates_io_protocol || true[0m
quick-correctness	Run dtolnay/rust-toolchain@1.89.0	2026-10-07T20:03:06.7265464Z [36;1m    echo CARGO_REGISTRIES_CRATES_IO_PROTOCOL=sparse >> $GITHUB_ENV[0m
quick-correctness	Run dtolnay/rust-toolchain@1.89.0	2026-10-07T20:03:06.7266281Z [36;1m  elif rustc +1.89.0 --version --verbose | grep -q '^release: 1\.6[67]\.'; then[0m
quick-correctness	Run dtolnay/rust-toolchain@1.89.0	2026-10-07T20:03:06.7266897Z [36;1m    touch "/home/runner/work/_temp"/.implicit_cargo_registries_crates_io_protocol || true[0m
quick-correctness	Run dtolnay/rust-toolchain@1.89.0	2026-10-07T20:03:06.7267470Z [36;1m    echo CARGO_REGISTRIES_CRATES_IO_PROTOCOL=git >> $GITHUB_ENV[0m
quick-correctness	Run dtolnay/rust-toolchain@1.89.0	2026-10-07T20:03:06.7267866Z [36;1m  fi[0m
quick-correctness	Run dtolnay/rust-toolchain@1.89.0	2026-10-07T20:03:06.7268282Z [36;1mfi[0m
quick-correctness	Run dtolnay/rust-toolchain@1.89.0	2026-10-07T20:03:06.7328923Z shell: /usr/bin/bash --noprofile --norc -e -o pipefail {0}
quick-correctness	Run dtolnay/rust-toolchain@1.89.0	2026-10-07T20:03:06.7329315Z env:
quick-correctness	Run dtolnay/rust-toolchain@1.89.0	2026-10-07T20:03:06.7329567Z   CARGO_HOME: /home/runner/.cargo
quick-correctness	Run dtolnay/rust-toolchain@1.89.0	2026-10-07T20:03:06.7329869Z   CARGO_INCREMENTAL: 0
quick-correctness	Run dtolnay/rust-toolchain@1.89.0	2026-10-07T20:03:06.7330131Z   CARGO_TERM_COLOR: always
quick-correctness	Run dtolnay/rust-toolchain@1.89.0	2026-10-07T20:03:06.7330397Z ##[endgroup]
quick-correctness	Run dtolnay/rust-toolchain@1.89.0	2026-10-07T20:03:06.7650969Z ##[end-action id=__dtolnay_rust-toolchain.__run_8;outcome=success;conclusion=success;duration_ms=41]
quick-correctness	Run dtolnay/rust-toolchain@1.89.0	2026-10-07T20:03:06.7653944Z ##[start-action display=Work around spurious network errors in curl 8.0;id=__dtolnay_rust-toolchain.__run_9]
quick-correctness	Run dtolnay/rust-toolchain@1.89.0	2026-10-07T20:03:06.7678366Z ##[group]Run # https://rust-lang.zulipchat.com/#narrow/stream/246057-t-cargo/topic/timeout.20investigation
quick-correctness	Run dtolnay/rust-toolchain@1.89.0	2026-10-07T20:03:06.7679212Z [36;1m# https://rust-lang.zulipchat.com/#narrow/stream/246057-t-cargo/topic/timeout.20investigation[0m
quick-correctness	Run dtolnay/rust-toolchain@1.89.0	2026-10-07T20:03:06.7679920Z [36;1mif rustc +1.89.0 --version --verbose | grep -q '^release: 1\.7[01]\.'; then[0m
quick-correctness	Run dtolnay/rust-toolchain@1.89.0	2026-10-07T20:03:06.7680455Z [36;1m  echo CARGO_HTTP_MULTIPLEXING=false >> $GITHUB_ENV[0m
quick-correctness	Run dtolnay/rust-toolchain@1.89.0	2026-10-07T20:03:06.7680818Z [36;1mfi[0m
quick-correctness	Run dtolnay/rust-toolchain@1.89.0	2026-10-07T20:03:06.7748649Z shell: /usr/bin/bash --noprofile --norc -e -o pipefail {0}
quick-correctness	Run dtolnay/rust-toolchain@1.89.0	2026-10-07T20:03:06.7749048Z env:
quick-correctness	Run dtolnay/rust-toolchain@1.89.0	2026-10-07T20:03:06.7749312Z   CARGO_HOME: /home/runner/.cargo
quick-correctness	Run dtolnay/rust-toolchain@1.89.0	2026-10-07T20:03:06.7749615Z   CARGO_INCREMENTAL: 0
quick-correctness	Run dtolnay/rust-toolchain@1.89.0	2026-10-07T20:03:06.7749889Z   CARGO_TERM_COLOR: always
quick-correctness	Run dtolnay/rust-toolchain@1.89.0	2026-10-07T20:03:06.7750160Z ##[endgroup]
quick-correctness	Run dtolnay/rust-toolchain@1.89.0	2026-10-07T20:03:06.7956794Z ##[end-action id=__dtolnay_rust-toolchain.__run_9;outcome=success;conclusion=success;duration_ms=30]
quick-correctness	Run dtolnay/rust-toolchain@1.89.0	2026-10-07T20:03:06.7960793Z ##[start-action display=rustc +1.89.0 --version --verbose;id=__dtolnay_rust-toolchain.__run_10]
quick-correctness	Run dtolnay/rust-toolchain@1.89.0	2026-10-07T20:03:06.7983067Z ##[group]Run rustc +1.89.0 --version --verbose
quick-correctness	Run dtolnay/rust-toolchain@1.89.0	2026-10-07T20:03:06.7983455Z [36;1mrustc +1.89.0 --version --verbose[0m
quick-correctness	Run dtolnay/rust-toolchain@1.89.0	2026-10-07T20:03:06.8047677Z shell: /usr/bin/bash --noprofile --norc -e -o pipefail {0}
quick-correctness	Run dtolnay/rust-toolchain@1.89.0	2026-10-07T20:03:06.8048078Z env:
quick-correctness	Run dtolnay/rust-toolchain@1.89.0	2026-10-07T20:03:06.8048335Z   CARGO_HOME: /home/runner/.cargo
quick-correctness	Run dtolnay/rust-toolchain@1.89.0	2026-10-07T20:03:06.8048673Z   CARGO_INCREMENTAL: 0
quick-correctness	Run dtolnay/rust-toolchain@1.89.0	2026-10-07T20:03:06.8048957Z   CARGO_TERM_COLOR: always
quick-correctness	Run dtolnay/rust-toolchain@1.89.0	2026-10-07T20:03:06.8049242Z ##[endgroup]
quick-correctness	Run dtolnay/rust-toolchain@1.89.0	2026-10-07T20:03:06.8234612Z rustc 1.89.0 (29483883e 2025-08-04)
quick-correctness	Run dtolnay/rust-toolchain@1.89.0	2026-10-07T20:03:06.8235482Z binary: rustc
quick-correctness	Run dtolnay/rust-toolchain@1.89.0	2026-10-07T20:03:06.8236355Z commit-hash: 29483883eed69d5fb4db01964cdf2af4d86e9cb2
quick-correctness	Run dtolnay/rust-toolchain@1.89.0	2026-10-07T20:03:06.8236926Z commit-date: 2025-08-04
quick-correctness	Run dtolnay/rust-toolchain@1.89.0	2026-10-07T20:03:06.8237527Z host: x86_64-unknown-linux-gnu
quick-correctness	Run dtolnay/rust-toolchain@1.89.0	2026-10-07T20:03:06.8238109Z release: 1.89.0
quick-correctness	Run dtolnay/rust-toolchain@1.89.0	2026-10-07T20:03:06.8238555Z LLVM version: 20.1.7
quick-correctness	Run dtolnay/rust-toolchain@1.89.0	2026-10-07T20:03:06.8252649Z ##[end-action id=__dtolnay_rust-toolchain.__run_10;outcome=success;conclusion=success;duration_ms=29]
quick-correctness	Parse harness sources	﻿2026-10-07T20:03:06.8314949Z ##[group]Run python3 -m py_compile \
quick-correctness	Parse harness sources	2026-10-07T20:03:06.8315350Z [36;1mpython3 -m py_compile \[0m
quick-correctness	Parse harness sources	2026-10-07T20:03:06.8315969Z [36;1m  scripts/run_nine65_v7_scale_sweep.py \[0m
quick-correctness	Parse harness sources	2026-10-07T20:03:06.8316400Z [36;1m  scripts/analyze_cram_fhe_hypotheses.py[0m
quick-correctness	Parse harness sources	2026-10-07T20:03:06.8316878Z [36;1mrustfmt --edition 2021 crates/nine65/src/bin/cram_comparative_probe.rs[0m
quick-correctness	Parse harness sources	2026-10-07T20:03:06.8380750Z shell: /usr/bin/bash -e {0}
quick-correctness	Parse harness sources	2026-10-07T20:03:06.8381059Z env:
quick-correctness	Parse harness sources	2026-10-07T20:03:06.8381308Z   CARGO_HOME: /home/runner/.cargo
quick-correctness	Parse harness sources	2026-10-07T20:03:06.8381615Z   CARGO_INCREMENTAL: 0
quick-correctness	Parse harness sources	2026-10-07T20:03:06.8381898Z   CARGO_TERM_COLOR: always
quick-correctness	Parse harness sources	2026-10-07T20:03:06.8382165Z ##[endgroup]
quick-correctness	Parse harness sources	2026-10-07T20:03:06.9409284Z info: syncing channel updates for 1.89.0-x86_64-unknown-linux-gnu
quick-correctness	Parse harness sources	2026-10-07T20:03:07.2213378Z info: latest update on 2025-08-07 for version 1.89.0 (29483883e 2025-08-04)
quick-correctness	Parse harness sources	2026-10-07T20:03:07.2359949Z info: downloading 2 components
quick-correctness	Reject floating point	﻿2026-10-07T20:03:08.0696595Z ##[group]Run if grep -nE '\bf(32|64)\b|as[[:space:]]+f(32|64)' \
quick-correctness	Reject floating point	2026-10-07T20:03:08.0697109Z [36;1mif grep -nE '\bf(32|64)\b|as[[:space:]]+f(32|64)' \[0m
quick-correctness	Reject floating point	2026-10-07T20:03:08.0697510Z [36;1m  crates/nine65/src/bin/cram_comparative_probe.rs \[0m
quick-correctness	Reject floating point	2026-10-07T20:03:08.0697880Z [36;1m  scripts/run_nine65_v7_scale_sweep.py \[0m
quick-correctness	Reject floating point	2026-10-07T20:03:08.0698411Z [36;1m  scripts/analyze_cram_fhe_hypotheses.py; then[0m
quick-correctness	Reject floating point	2026-10-07T20:03:08.0698814Z [36;1m  echo 'floating-point token found in scale path' >&2[0m
quick-correctness	Reject floating point	2026-10-07T20:03:08.0699155Z [36;1m  exit 1[0m
quick-correctness	Reject floating point	2026-10-07T20:03:08.0699358Z [36;1mfi[0m
quick-correctness	Reject floating point	2026-10-07T20:03:08.0759706Z shell: /usr/bin/bash -e {0}
quick-correctness	Reject floating point	2026-10-07T20:03:08.0759966Z env:
quick-correctness	Reject floating point	2026-10-07T20:03:08.0760180Z   CARGO_HOME: /home/runner/.cargo
quick-correctness	Reject floating point	2026-10-07T20:03:08.0760449Z   CARGO_INCREMENTAL: 0
quick-correctness	Reject floating point	2026-10-07T20:03:08.0760674Z   CARGO_TERM_COLOR: always
quick-correctness	Reject floating point	2026-10-07T20:03:08.0760902Z ##[endgroup]
quick-correctness	Build comparative probe	﻿2026-10-07T20:03:08.0878488Z ##[group]Run cargo build -p nine65 \
quick-correctness	Build comparative probe	2026-10-07T20:03:08.0878848Z [36;1mcargo build -p nine65 \[0m
quick-correctness	Build comparative probe	2026-10-07T20:03:08.0879143Z [36;1m  --bin cram_comparative_probe \[0m
quick-correctness	Build comparative probe	2026-10-07T20:03:08.0879472Z [36;1m  --features serde,allow_insecure[0m
quick-correctness	Build comparative probe	2026-10-07T20:03:08.0934193Z shell: /usr/bin/bash -e {0}
quick-correctness	Build comparative probe	2026-10-07T20:03:08.0934452Z env:
quick-correctness	Build comparative probe	2026-10-07T20:03:08.0934663Z   CARGO_HOME: /home/runner/.cargo
quick-correctness	Build comparative probe	2026-10-07T20:03:08.0934934Z   CARGO_INCREMENTAL: 0
quick-correctness	Build comparative probe	2026-10-07T20:03:08.0935172Z   CARGO_TERM_COLOR: always
quick-correctness	Build comparative probe	2026-10-07T20:03:08.0935402Z ##[endgroup]
quick-correctness	Build comparative probe	2026-10-07T20:03:08.1376409Z [1m[33mwarning[0m[1m:[0m profiles for the non root package will be ignored, specify profiles at the workspace root:
quick-correctness	Build comparative probe	2026-10-07T20:03:08.1377380Z package:   /home/runner/work/NINE65_v7/NINE65_v7/crates/exact_transcendentals/Cargo.toml
quick-correctness	Build comparative probe	2026-10-07T20:03:08.1378036Z workspace: /home/runner/work/NINE65_v7/NINE65_v7/Cargo.toml
quick-correctness	Build comparative probe	2026-10-07T20:03:08.1558377Z [1m[32m    Updating[0m crates.io index
quick-correctness	Build comparative probe	2026-10-07T20:03:08.8276688Z [1m[32m Downloading[0m crates ...
quick-correctness	Build comparative probe	2026-10-07T20:03:08.9652809Z [1m[32m  Downloaded[0m cfg-if v1.0.4
quick-correctness	Build comparative probe	2026-10-07T20:03:08.9706846Z [1m[32m  Downloaded[0m digest v0.10.7
quick-correctness	Build comparative probe	2026-10-07T20:03:08.9901097Z [1m[32m  Downloaded[0m cpufeatures v0.2.17
quick-correctness	Build comparative probe	2026-10-07T20:03:09.0000344Z [1m[32m  Downloaded[0m generic-array v0.14.7
quick-correctness	Build comparative probe	2026-10-07T20:03:09.0017486Z [1m[32m  Downloaded[0m block-buffer v0.10.4
quick-correctness	Build comparative probe	2026-10-07T20:03:09.0032815Z [1m[32m  Downloaded[0m bincode_derive v2.0.1
quick-correctness	Build comparative probe	2026-10-07T20:03:09.0056395Z [1m[32m  Downloaded[0m crypto-common v0.1.7
quick-correctness	Build comparative probe	2026-10-07T20:03:09.0075411Z [1m[32m  Downloaded[0m getrandom v0.2.16
quick-correctness	Build comparative probe	2026-10-07T20:03:09.0144233Z [1m[32m  Downloaded[0m itoa v1.0.16
quick-correctness	Build comparative probe	2026-10-07T20:03:09.0162132Z [1m[32m  Downloaded[0m version_check v0.9.5
quick-correctness	Build comparative probe	2026-10-07T20:03:09.0176384Z [1m[32m  Downloaded[0m unty v0.0.4
quick-correctness	Build comparative probe	2026-10-07T20:03:09.0329644Z [1m[32m  Downloaded[0m zeroize_derive v1.4.2
quick-correctness	Build comparative probe	2026-10-07T20:03:09.0354670Z [1m[32m  Downloaded[0m bincode v2.0.1
quick-correctness	Build comparative probe	2026-10-07T20:03:09.0413111Z [1m[32m  Downloaded[0m zeroize v1.8.2
quick-correctness	Build comparative probe	2026-10-07T20:03:09.0427837Z [1m[32m  Downloaded[0m quote v1.0.42
quick-correctness	Build comparative probe	2026-10-07T20:03:09.0455701Z [1m[32m  Downloaded[0m thiserror-impl v1.0.69
quick-correctness	Build comparative probe	2026-10-07T20:03:09.0470268Z [1m[32m  Downloaded[0m subtle v2.6.1
quick-correctness	Build comparative probe	2026-10-07T20:03:09.0494459Z [1m[32m  Downloaded[0m thiserror v1.0.69
quick-correctness	Build comparative probe	2026-10-07T20:03:09.0556612Z [1m[32m  Downloaded[0m sha2 v0.10.9
quick-correctness	Build comparative probe	2026-10-07T20:03:09.0596533Z [1m[32m  Downloaded[0m virtue v0.0.18
quick-correctness	Build comparative probe	2026-10-07T20:03:09.0638238Z [1m[32m  Downloaded[0m zmij v0.1.7
quick-correctness	Build comparative probe	2026-10-07T20:03:09.0656691Z [1m[32m  Downloaded[0m unicode-ident v1.0.22
quick-correctness	Build comparative probe	2026-10-07T20:03:09.0748236Z [1m[32m  Downloaded[0m proc-macro2 v1.0.103
quick-correctness	Build comparative probe	2026-10-07T20:03:09.0783786Z [1m[32m  Downloaded[0m serde_derive v1.0.228
quick-correctness	Build comparative probe	2026-10-07T20:03:09.0817168Z [1m[32m  Downloaded[0m typenum v1.19.0
quick-correctness	Build comparative probe	2026-10-07T20:03:09.0847130Z [1m[32m  Downloaded[0m serde v1.0.228
quick-correctness	Build comparative probe	2026-10-07T20:03:09.0882094Z [1m[32m  Downloaded[0m memchr v2.7.6
quick-correctness	Build comparative probe	2026-10-07T20:03:09.0938865Z [1m[32m  Downloaded[0m serde_core v1.0.228
quick-correctness	Build comparative probe	2026-10-07T20:03:09.0968037Z [1m[32m  Downloaded[0m serde_json v1.0.147
quick-correctness	Build comparative probe	2026-10-07T20:03:09.1047801Z [1m[32m  Downloaded[0m syn v2.0.111
quick-correctness	Build comparative probe	2026-10-07T20:03:09.1329018Z [1m[32m  Downloaded[0m libc v0.2.178
quick-correctness	Build comparative probe	2026-10-07T20:03:09.1812613Z [1m[32m Downloading[0m crates ...
quick-correctness	Build comparative probe	2026-10-07T20:03:09.2226162Z [1m[32m  Downloaded[0m criterion v0.5.1
quick-correctness	Build comparative probe	2026-10-07T20:03:09.2319058Z [1m[32m Downloading[0m crates ...
quick-correctness	Build comparative probe	2026-10-07T20:03:09.2727654Z [1m[32m  Downloaded[0m proptest v1.9.0
quick-correctness	Build comparative probe	2026-10-07T20:03:09.2840906Z [1m[32m Downloading[0m crates ...
quick-correctness	Build comparative probe	2026-10-07T20:03:09.3075444Z [1m[32m  Downloaded[0m rand_chacha v0.3.1
quick-correctness	Build comparative probe	2026-10-07T20:03:09.3099518Z [1m[32m Downloading[0m crates ...
quick-correctness	Build comparative probe	2026-10-07T20:03:09.3346306Z [1m[32m  Downloaded[0m rand_core v0.6.4
quick-correctness	Build comparative probe	2026-10-07T20:03:09.3477739Z [1m[32m   Compiling[0m proc-macro2 v1.0.103
quick-correctness	Build comparative probe	2026-10-07T20:03:09.3480445Z [1m[32m   Compiling[0m unicode-ident v1.0.22
quick-correctness	Build comparative probe	2026-10-07T20:03:09.3490450Z [1m[32m   Compiling[0m quote v1.0.42
quick-correctness	Build comparative probe	2026-10-07T20:03:09.3505930Z [1m[32m   Compiling[0m typenum v1.19.0
quick-correctness	Build comparative probe	2026-10-07T20:03:09.4014741Z [1m[32m   Compiling[0m version_check v0.9.5
quick-correctness	Build comparative probe	2026-10-07T20:03:09.6027178Z [1m[32m   Compiling[0m serde_core v1.0.228
quick-correctness	Build comparative probe	2026-10-07T20:03:09.6247336Z [1m[32m   Compiling[0m generic-array v0.14.7
quick-correctness	Build comparative probe	2026-10-07T20:03:09.7989621Z [1m[32m   Compiling[0m libc v0.2.178
quick-correctness	Build comparative probe	2026-10-07T20:03:10.2737355Z [1m[32m   Compiling[0m syn v2.0.111
quick-correctness	Build comparative probe	2026-10-07T20:03:10.3317275Z [1m[32m   Compiling[0m thiserror v1.0.69
quick-correctness	Build comparative probe	2026-10-07T20:03:10.5657975Z [1m[32m   Compiling[0m serde v1.0.228
quick-correctness	Build comparative probe	2026-10-07T20:03:10.7887091Z [1m[32m   Compiling[0m block-buffer v0.10.4
quick-correctness	Build comparative probe	2026-10-07T20:03:10.7977091Z [1m[32m   Compiling[0m crypto-common v0.1.7
quick-correctness	Build comparative probe	2026-10-07T20:03:10.8495023Z [1m[32m   Compiling[0m serde_json v1.0.147
quick-correctness	Build comparative probe	2026-10-07T20:03:10.8507180Z [1m[32m   Compiling[0m cfg-if v1.0.4
quick-correctness	Build comparative probe	2026-10-07T20:03:10.8777412Z [1m[32m   Compiling[0m virtue v0.0.18
quick-correctness	Build comparative probe	2026-10-07T20:03:11.0178545Z [1m[32m   Compiling[0m digest v0.10.7
quick-correctness	Build comparative probe	2026-10-07T20:03:11.4897164Z [1m[32m   Compiling[0m bincode_derive v2.0.1
quick-correctness	Build comparative probe	2026-10-07T20:03:12.1347736Z [1m[32m   Compiling[0m zmij v0.1.7
quick-correctness	Build comparative probe	2026-10-07T20:03:12.1866974Z [1m[32m   Compiling[0m memchr v2.7.6
quick-correctness	Build comparative probe	2026-10-07T20:03:12.2327112Z [1m[32m   Compiling[0m unty v0.0.4
quick-correctness	Build comparative probe	2026-10-07T20:03:12.2508615Z [1m[32m   Compiling[0m nine65 v0.1.0 (/home/runner/work/NINE65_v7/NINE65_v7/crates/nine65)
quick-correctness	Build comparative probe	2026-10-07T20:03:12.2672775Z [1m[32m   Compiling[0m cpufeatures v0.2.17
quick-correctness	Build comparative probe	2026-10-07T20:03:12.3012628Z [1m[32m   Compiling[0m itoa v1.0.16
quick-correctness	Build comparative probe	2026-10-07T20:03:12.4257794Z [1m[32m   Compiling[0m sha2 v0.10.9
quick-correctness	Build comparative probe	2026-10-07T20:03:12.4866882Z [1m[32m   Compiling[0m bincode v2.0.1
quick-correctness	Build comparative probe	2026-10-07T20:03:12.9357461Z [1m[32m   Compiling[0m getrandom v0.2.16
quick-correctness	Build comparative probe	2026-10-07T20:03:13.0485987Z [1m[32m   Compiling[0m subtle v2.6.1
quick-correctness	Build comparative probe	2026-10-07T20:03:13.1472576Z [1m[32m   Compiling[0m exact_transcendentals v1.0.0 (/home/runner/work/NINE65_v7/NINE65_v7/crates/exact_transcendentals)
quick-correctness	Build comparative probe	2026-10-07T20:03:14.2460162Z [1m[32m   Compiling[0m zeroize_derive v1.4.2
quick-correctness	Build comparative probe	2026-10-07T20:03:14.2477041Z [1m[32m   Compiling[0m thiserror-impl v1.0.69
quick-correctness	Build comparative probe	2026-10-07T20:03:14.2478195Z [1m[32m   Compiling[0m serde_derive v1.0.228
quick-correctness	Build comparative probe	2026-10-07T20:03:14.9542581Z [1m[32m   Compiling[0m zeroize v1.8.2
quick-correctness	Build comparative probe	2026-10-07T20:03:15.0535234Z [1m[32m   Compiling[0m mana v0.1.0 (/home/runner/work/NINE65_v7/NINE65_v7/crates/mana)
quick-correctness	Build comparative probe	2026-10-07T20:03:15.4578290Z [1m[32m   Compiling[0m unhal v0.1.0 (/home/runner/work/NINE65_v7/NINE65_v7/crates/unhal)
quick-correctness	Build comparative probe	2026-10-07T20:03:21.8627606Z [1m[32m    Finished[0m `dev` profile [unoptimized + debuginfo] target(s) in 13.73s
quick-correctness	Run quick scale correctness matrix	﻿2026-10-07T20:03:21.9032088Z ##[group]Run python3 scripts/run_nine65_v7_scale_sweep.py \
quick-correctness	Run quick scale correctness matrix	2026-10-07T20:03:21.9032561Z [36;1mpython3 scripts/run_nine65_v7_scale_sweep.py \[0m
quick-correctness	Run quick scale correctness matrix	2026-10-07T20:03:21.9032887Z [36;1m  --profile quick \[0m
quick-correctness	Run quick scale correctness matrix	2026-10-07T20:03:21.9033143Z [36;1m  --skip-build \[0m
quick-correctness	Run quick scale correctness matrix	2026-10-07T20:03:21.9033404Z [36;1m  --require-depth-complete \[0m
quick-correctness	Run quick scale correctness matrix	2026-10-07T20:03:21.9033728Z [36;1m  --output-dir artifacts/v7_scale_sweep/quick[0m
quick-correctness	Run quick scale correctness matrix	2026-10-07T20:03:21.9034100Z [36;1mpython3 scripts/analyze_cram_fhe_hypotheses.py \[0m
quick-correctness	Run quick scale correctness matrix	2026-10-07T20:03:21.9034447Z [36;1m  artifacts/v7_scale_sweep/quick/cases \[0m
quick-correctness	Run quick scale correctness matrix	2026-10-07T20:03:21.9034860Z [36;1m  --output artifacts/v7_scale_sweep/quick/hypothesis_analysis.json \[0m
quick-correctness	Run quick scale correctness matrix	2026-10-07T20:03:21.9035346Z [36;1m  > artifacts/v7_scale_sweep/quick/hypothesis_analysis.stdout.log[0m
quick-correctness	Run quick scale correctness matrix	2026-10-07T20:03:21.9097665Z shell: /usr/bin/bash -e {0}
quick-correctness	Run quick scale correctness matrix	2026-10-07T20:03:21.9098089Z env:
quick-correctness	Run quick scale correctness matrix	2026-10-07T20:03:21.9098292Z   CARGO_HOME: /home/runner/.cargo
quick-correctness	Run quick scale correctness matrix	2026-10-07T20:03:21.9098553Z   CARGO_INCREMENTAL: 0
quick-correctness	Run quick scale correctness matrix	2026-10-07T20:03:21.9098812Z   CARGO_TERM_COLOR: always
quick-correctness	Run quick scale correctness matrix	2026-10-07T20:03:21.9099036Z ##[endgroup]
quick-correctness	Run quick scale correctness matrix	2026-10-07T20:04:45.7766693Z {
quick-correctness	Run quick scale correctness matrix	2026-10-07T20:04:45.7769240Z   "manifest": "artifacts/v7_scale_sweep/quick/manifest.json",
quick-correctness	Run quick scale correctness matrix	2026-10-07T20:04:45.7769857Z   "summary": {
quick-correctness	Run quick scale correctness matrix	2026-10-07T20:04:45.7770193Z     "cases": 2,
quick-correctness	Run quick scale correctness matrix	2026-10-07T20:04:45.7770546Z     "process_failures": 0,
quick-correctness	Run quick scale correctness matrix	2026-10-07T20:04:45.7770933Z     "missing_or_invalid_results": 0,
quick-correctness	Run quick scale correctness matrix	2026-10-07T20:04:45.7771392Z     "operation_correctness_failures": 0,
quick-correctness	Run quick scale correctness matrix	2026-10-07T20:04:45.7771851Z     "depth_complete": 2,
quick-correctness	Run quick scale correctness matrix	2026-10-07T20:04:45.7772216Z     "depth_stops": 0
quick-correctness	Run quick scale correctness matrix	2026-10-07T20:04:45.7772525Z   }
quick-correctness	Run quick scale correctness matrix	2026-10-07T20:04:45.7772810Z }
quick-correctness	Run actions/upload-artifact@v4	﻿2026-10-07T20:04:45.8303738Z ##[group]Run actions/upload-artifact@v4
quick-correctness	Run actions/upload-artifact@v4	2026-10-07T20:04:45.8304049Z with:
quick-correctness	Run actions/upload-artifact@v4	2026-10-07T20:04:45.8304259Z   name: nine65-v7-scale-quick
quick-correctness	Run actions/upload-artifact@v4	2026-10-07T20:04:45.8304523Z   path: artifacts/v7_scale_sweep/quick
quick-correctness	Run actions/upload-artifact@v4	2026-10-07T20:04:45.8304821Z   if-no-files-found: warn
quick-correctness	Run actions/upload-artifact@v4	2026-10-07T20:04:45.8305062Z   compression-level: 6
quick-correctness	Run actions/upload-artifact@v4	2026-10-07T20:04:45.8305288Z   overwrite: false
quick-correctness	Run actions/upload-artifact@v4	2026-10-07T20:04:45.8305511Z   include-hidden-files: false
quick-correctness	Run actions/upload-artifact@v4	2026-10-07T20:04:45.8306003Z env:
quick-correctness	Run actions/upload-artifact@v4	2026-10-07T20:04:45.8306227Z   CARGO_HOME: /home/runner/.cargo
quick-correctness	Run actions/upload-artifact@v4	2026-10-07T20:04:45.8306484Z   CARGO_INCREMENTAL: 0
quick-correctness	Run actions/upload-artifact@v4	2026-10-07T20:04:45.8306707Z   CARGO_TERM_COLOR: always
quick-correctness	Run actions/upload-artifact@v4	2026-10-07T20:04:45.8306935Z ##[endgroup]
quick-correctness	Run actions/upload-artifact@v4	2026-10-07T20:04:45.9947888Z (node:4434) [DEP0040] DeprecationWarning: The `punycode` module is deprecated. Please use a userland alternative instead.
quick-correctness	Run actions/upload-artifact@v4	2026-10-07T20:04:45.9949108Z (Use `node --trace-deprecation ...` to show where the warning was created)
quick-correctness	Run actions/upload-artifact@v4	2026-10-07T20:04:46.0033780Z With the provided path, there will be 9 files uploaded
quick-correctness	Run actions/upload-artifact@v4	2026-10-07T20:04:46.0039997Z Artifact name is valid!
quick-correctness	Run actions/upload-artifact@v4	2026-10-07T20:04:46.0040492Z Root directory input is valid!
quick-correctness	Run actions/upload-artifact@v4	2026-10-07T20:04:46.3370722Z Beginning upload of artifact content to blob storage
quick-correctness	Run actions/upload-artifact@v4	2026-10-07T20:04:46.3693299Z (node:4434) [DEP0169] DeprecationWarning: `url.parse()` behavior is not standardized and prone to errors that have security implications. Use the WHATWG URL API instead. CVEs are not issued for `url.parse()` vulnerabilities.
quick-correctness	Run actions/upload-artifact@v4	2026-10-07T20:04:46.5732769Z Uploaded bytes 9484
quick-correctness	Run actions/upload-artifact@v4	2026-10-07T20:04:46.6331194Z Finished uploading artifact content to blob storage!
quick-correctness	Run actions/upload-artifact@v4	2026-10-07T20:04:46.6332387Z SHA256 digest of uploaded artifact zip is ded27a68f1d27a0e6d8731f8b5c0cc8deba9e4c3b2a7f6ce62a758dcfeaef076
quick-correctness	Run actions/upload-artifact@v4	2026-10-07T20:04:46.6335964Z Finalizing artifact upload
quick-correctness	Run actions/upload-artifact@v4	2026-10-07T20:04:46.9338329Z Artifact nine65-v7-scale-quick.zip successfully finalized. Artifact ID 11508876767
quick-correctness	Run actions/upload-artifact@v4	2026-10-07T20:04:46.9339706Z Artifact nine65-v7-scale-quick has been successfully uploaded! Final size is 9484 bytes. Artifact ID is 11508876767
quick-correctness	Run actions/upload-artifact@v4	2026-10-07T20:04:46.9347076Z Artifact download URL: https://github.com/Skyelabz210/NINE65_v7/actions/runs/37679066010/artifacts/11508876767
quick-correctness	Enforce quick matrix after evidence capture	﻿2026-10-07T20:04:46.9459419Z ##[group]Run test 'success' = 'success'
quick-correctness	Enforce quick matrix after evidence capture	2026-10-07T20:04:46.9459799Z [36;1mtest 'success' = 'success'[0m
quick-correctness	Enforce quick matrix after evidence capture	2026-10-07T20:04:46.9522599Z shell: /usr/bin/bash -e {0}
quick-correctness	Enforce quick matrix after evidence capture	2026-10-07T20:04:46.9522861Z env:
quick-correctness	Enforce quick matrix after evidence capture	2026-10-07T20:04:46.9523072Z   CARGO_HOME: /home/runner/.cargo
quick-correctness	Enforce quick matrix after evidence capture	2026-10-07T20:04:46.9523344Z   CARGO_INCREMENTAL: 0
quick-correctness	Enforce quick matrix after evidence capture	2026-10-07T20:04:46.9523584Z   CARGO_TERM_COLOR: always
quick-correctness	Enforce quick matrix after evidence capture	2026-10-07T20:04:46.9523820Z ##[endgroup]
quick-correctness	Post Run actions/checkout@v4	﻿2026-10-07T20:04:46.9697372Z Post job cleanup.
quick-correctness	Post Run actions/checkout@v4	2026-10-07T20:04:47.0531856Z [command]/usr/bin/git version
quick-correctness	Post Run actions/checkout@v4	2026-10-07T20:04:47.0576539Z git version 2.55.0
quick-correctness	Post Run actions/checkout@v4	2026-10-07T20:04:47.0619461Z Temporarily overriding HOME='/home/runner/work/_temp/8c46db3e-5947-4e8f-9bfb-376d8e36981b' before making global git config changes
quick-correctness	Post Run actions/checkout@v4	2026-10-07T20:04:47.0620808Z Adding repository directory to the temporary git global config as a safe directory
quick-correctness	Post Run actions/checkout@v4	2026-10-07T20:04:47.0627643Z [command]/usr/bin/git config --global --add safe.directory /home/runner/work/NINE65_v7/NINE65_v7
quick-correctness	Post Run actions/checkout@v4	2026-10-07T20:04:47.0663082Z [command]/usr/bin/git config --local --name-only --get-regexp core\.sshCommand
quick-correctness	Post Run actions/checkout@v4	2026-10-07T20:04:47.0698129Z [command]/usr/bin/git submodule foreach --recursive sh -c "git config --local --name-only --get-regexp 'core\.sshCommand' && git config --local --unset-all 'core.sshCommand' || :"
quick-correctness	Post Run actions/checkout@v4	2026-10-07T20:04:47.0951099Z [command]/usr/bin/git config --local --name-only --get-regexp http\.https\:\/\/github\.com\/\.extraheader
quick-correctness	Post Run actions/checkout@v4	2026-10-07T20:04:47.0976690Z http.https://github.com/.extraheader
quick-correctness	Post Run actions/checkout@v4	2026-10-07T20:04:47.0989343Z [command]/usr/bin/git config --local --unset-all http.https://github.com/.extraheader
quick-correctness	Post Run actions/checkout@v4	2026-10-07T20:04:47.1026020Z [command]/usr/bin/git submodule foreach --recursive sh -c "git config --local --name-only --get-regexp 'http\.https\:\/\/github\.com\/\.extraheader' && git config --local --unset-all 'http.https://github.com/.extraheader' || :"
quick-correctness	Post Run actions/checkout@v4	2026-10-07T20:04:47.1300360Z [command]/usr/bin/git config --local --name-only --get-regexp ^includeIf\.gitdir:
quick-correctness	Post Run actions/checkout@v4	2026-10-07T20:04:47.1342140Z [command]/usr/bin/git submodule foreach --recursive git config --local --show-origin --name-only --get-regexp remote.origin.url
quick-correctness	Complete job	﻿2026-10-07T20:04:47.1753029Z Cleaning up orphan processes
quick-correctness	Complete job	2026-10-07T20:04:47.2070725Z ##[warning]Node.js 20 is deprecated. The following actions target Node.js 20 but are being forced to run on Node.js 24: actions/checkout@v4, actions/upload-artifact@v4. For more information see: https://github.blog/changelog/2025-09-19-deprecation-of-node-20-on-github-actions-runners/
dispatched-scale	Set up job	﻿2026-10-07T20:02:55.3422444Z Current runner version: '2.337.0'
dispatched-scale	Set up job	2026-10-07T20:02:55.3449851Z ##[group]Runner Image Provisioner
dispatched-scale	Set up job	2026-10-07T20:02:55.3450626Z Hosted Compute Agent
dispatched-scale	Set up job	2026-10-07T20:02:55.3451066Z Version: 20260901.588
dispatched-scale	Set up job	2026-10-07T20:02:55.3451549Z Commit: f88ec8081b781fac6c440065ac7ff9e710ce3d0b
dispatched-scale	Set up job	2026-10-07T20:02:55.3452099Z Build Date: 2026-09-01T19:56:44Z
dispatched-scale	Set up job	2026-10-07T20:02:55.3452552Z Worker ID: {2c77b5dc-0ae4-4331-98e5-1b4b84a44a65}
dispatched-scale	Set up job	2026-10-07T20:02:55.3453176Z Azure Region: centralus
dispatched-scale	Set up job	2026-10-07T20:02:55.3453632Z ##[endgroup]
dispatched-scale	Set up job	2026-10-07T20:02:55.3454667Z ##[group]Operating System
dispatched-scale	Set up job	2026-10-07T20:02:55.3455204Z Ubuntu
dispatched-scale	Set up job	2026-10-07T20:02:55.3455554Z 24.04.5
dispatched-scale	Set up job	2026-10-07T20:02:55.3456015Z LTS
dispatched-scale	Set up job	2026-10-07T20:02:55.3456351Z ##[endgroup]
dispatched-scale	Set up job	2026-10-07T20:02:55.3456796Z ##[group]Runner Image
dispatched-scale	Set up job	2026-10-07T20:02:55.3457254Z Image: ubuntu-24.04
dispatched-scale	Set up job	2026-10-07T20:02:55.3457697Z Version: 20260927.320.1
dispatched-scale	Set up job	2026-10-07T20:02:55.3458604Z Included Software: https://github.com/actions/runner-images/blob/ubuntu24/20260927.320/images/ubuntu/Ubuntu2404-Readme.md
dispatched-scale	Set up job	2026-10-07T20:02:55.3459881Z Image Release: https://github.com/actions/runner-images/releases/tag/ubuntu24%2F20260927.320
dispatched-scale	Set up job	2026-10-07T20:02:55.3460649Z ##[endgroup]
dispatched-scale	Set up job	2026-10-07T20:02:55.3461431Z ##[group]GITHUB_TOKEN Permissions
dispatched-scale	Set up job	2026-10-07T20:02:55.3463237Z Contents: read
dispatched-scale	Set up job	2026-10-07T20:02:55.3463661Z Metadata: read
dispatched-scale	Set up job	2026-10-07T20:02:55.3464424Z ##[endgroup]
dispatched-scale	Set up job	2026-10-07T20:02:55.3465998Z Secret source: Actions
dispatched-scale	Set up job	2026-10-07T20:02:55.3466823Z Cache mode: write
dispatched-scale	Set up job	2026-10-07T20:02:55.3467369Z Prepare workflow directory
dispatched-scale	Set up job	2026-10-07T20:02:55.3704447Z Prepare all required actions
dispatched-scale	Set up job	2026-10-07T20:02:55.3747235Z Getting action download info
dispatched-scale	Set up job	2026-10-07T20:02:55.5917044Z Download action repository 'actions/checkout@v4' (SHA:11d5960a326750d5838078e36cf38b85af677262)
dispatched-scale	Set up job	2026-10-07T20:02:55.7434869Z Download action repository 'dtolnay/rust-toolchain@1.89.0' (SHA:166de8caa14bb03d0e4ce3de7cc787f95ccf7188)
dispatched-scale	Set up job	2026-10-07T20:02:55.9298926Z Download action repository 'actions/upload-artifact@v4' (SHA:ea165f8d65b6e75b540449e92b4886f43607fa02)
dispatched-scale	Set up job	2026-10-07T20:02:56.2406536Z Complete job name: dispatched-scale
dispatched-scale	Run actions/checkout@v4	﻿2026-10-07T20:02:56.2939168Z ##[group]Run actions/checkout@v4
dispatched-scale	Run actions/checkout@v4	2026-10-07T20:02:56.2939718Z with:
dispatched-scale	Run actions/checkout@v4	2026-10-07T20:02:56.2940004Z   repository: Skyelabz210/NINE65_v7
dispatched-scale	Run actions/checkout@v4	2026-10-07T20:02:56.2942375Z   token: ***
dispatched-scale	Run actions/checkout@v4	2026-10-07T20:02:56.2942643Z   ssh-strict: true
dispatched-scale	Run actions/checkout@v4	2026-10-07T20:02:56.2942916Z   ssh-user: git
dispatched-scale	Run actions/checkout@v4	2026-10-07T20:02:56.2943193Z   persist-credentials: true
dispatched-scale	Run actions/checkout@v4	2026-10-07T20:02:56.2943492Z   clean: true
dispatched-scale	Run actions/checkout@v4	2026-10-07T20:02:56.2943769Z   sparse-checkout-cone-mode: true
dispatched-scale	Run actions/checkout@v4	2026-10-07T20:02:56.2944093Z   fetch-depth: 1
dispatched-scale	Run actions/checkout@v4	2026-10-07T20:02:56.2944359Z   fetch-tags: false
dispatched-scale	Run actions/checkout@v4	2026-10-07T20:02:56.2944635Z   show-progress: true
dispatched-scale	Run actions/checkout@v4	2026-10-07T20:02:56.2944913Z   lfs: false
dispatched-scale	Run actions/checkout@v4	2026-10-07T20:02:56.2945169Z   submodules: false
dispatched-scale	Run actions/checkout@v4	2026-10-07T20:02:56.2945469Z   set-safe-directory: true
dispatched-scale	Run actions/checkout@v4	2026-10-07T20:02:56.2945779Z   allow-unsafe-pr-checkout: false
dispatched-scale	Run actions/checkout@v4	2026-10-07T20:02:56.2946173Z ##[endgroup]
dispatched-scale	Run actions/checkout@v4	2026-10-07T20:02:56.3704556Z Syncing repository: Skyelabz210/NINE65_v7
dispatched-scale	Run actions/checkout@v4	2026-10-07T20:02:56.3706607Z ##[group]Getting Git version info
dispatched-scale	Run actions/checkout@v4	2026-10-07T20:02:56.3707608Z Working directory is '/home/runner/work/NINE65_v7/NINE65_v7'
dispatched-scale	Run actions/checkout@v4	2026-10-07T20:02:56.3709350Z [command]/usr/bin/git version
dispatched-scale	Run actions/checkout@v4	2026-10-07T20:02:56.5086721Z git version 2.55.0
dispatched-scale	Run actions/checkout@v4	2026-10-07T20:02:56.5101484Z ##[endgroup]
dispatched-scale	Run actions/checkout@v4	2026-10-07T20:02:56.5113696Z Temporarily overriding HOME='/home/runner/work/_temp/abaf8da6-b872-4444-b2cf-ab019e5dcbd8' before making global git config changes
dispatched-scale	Run actions/checkout@v4	2026-10-07T20:02:56.5114996Z Adding repository directory to the temporary git global config as a safe directory
dispatched-scale	Run actions/checkout@v4	2026-10-07T20:02:56.5117966Z [command]/usr/bin/git config --global --add safe.directory /home/runner/work/NINE65_v7/NINE65_v7
dispatched-scale	Run actions/checkout@v4	2026-10-07T20:02:56.5417038Z Deleting the contents of '/home/runner/work/NINE65_v7/NINE65_v7'
dispatched-scale	Run actions/checkout@v4	2026-10-07T20:02:56.5420696Z ##[group]Initializing the repository
dispatched-scale	Run actions/checkout@v4	2026-10-07T20:02:56.5424420Z [command]/usr/bin/git init /home/runner/work/NINE65_v7/NINE65_v7
dispatched-scale	Run actions/checkout@v4	2026-10-07T20:02:56.6080100Z hint: Using 'master' as the name for the initial branch. This default branch name
dispatched-scale	Run actions/checkout@v4	2026-10-07T20:02:56.6081928Z hint: will change to "main" in Git 3.0. To configure the initial branch name
dispatched-scale	Run actions/checkout@v4	2026-10-07T20:02:56.6083194Z hint: to use in all of your new repositories, which will suppress this warning,
dispatched-scale	Run actions/checkout@v4	2026-10-07T20:02:56.6098792Z hint: call:
dispatched-scale	Run actions/checkout@v4	2026-10-07T20:02:56.6099121Z hint:
dispatched-scale	Run actions/checkout@v4	2026-10-07T20:02:56.6099470Z hint: 	git config --global init.defaultBranch <name>
dispatched-scale	Run actions/checkout@v4	2026-10-07T20:02:56.6099879Z hint:
dispatched-scale	Run actions/checkout@v4	2026-10-07T20:02:56.6100364Z hint: Names commonly chosen instead of 'master' are 'main', 'trunk' and
dispatched-scale	Run actions/checkout@v4	2026-10-07T20:02:56.6100968Z hint: 'development'. The just-created branch can be renamed via this command:
dispatched-scale	Run actions/checkout@v4	2026-10-07T20:02:56.6101428Z hint:
dispatched-scale	Run actions/checkout@v4	2026-10-07T20:02:56.6101703Z hint: 	git branch -m <name>
dispatched-scale	Run actions/checkout@v4	2026-10-07T20:02:56.6101995Z hint:
dispatched-scale	Run actions/checkout@v4	2026-10-07T20:02:56.6102374Z hint: Disable this message with "git config set advice.defaultBranchName false"
dispatched-scale	Run actions/checkout@v4	2026-10-07T20:02:56.6103019Z Initialized empty Git repository in /home/runner/work/NINE65_v7/NINE65_v7/.git/
dispatched-scale	Run actions/checkout@v4	2026-10-07T20:02:56.6104199Z [command]/usr/bin/git remote add origin https://github.com/Skyelabz210/NINE65_v7
dispatched-scale	Run actions/checkout@v4	2026-10-07T20:02:56.6391926Z ##[endgroup]
dispatched-scale	Run actions/checkout@v4	2026-10-07T20:02:56.6392760Z ##[group]Disabling automatic garbage collection
dispatched-scale	Run actions/checkout@v4	2026-10-07T20:02:56.6395517Z [command]/usr/bin/git config --local gc.auto 0
dispatched-scale	Run actions/checkout@v4	2026-10-07T20:02:56.6427982Z ##[endgroup]
dispatched-scale	Run actions/checkout@v4	2026-10-07T20:02:56.6428879Z ##[group]Setting up auth
dispatched-scale	Run actions/checkout@v4	2026-10-07T20:02:56.6433467Z [command]/usr/bin/git config --local --name-only --get-regexp core\.sshCommand
dispatched-scale	Run actions/checkout@v4	2026-10-07T20:02:56.6463251Z [command]/usr/bin/git submodule foreach --recursive sh -c "git config --local --name-only --get-regexp 'core\.sshCommand' && git config --local --unset-all 'core.sshCommand' || :"
dispatched-scale	Run actions/checkout@v4	2026-10-07T20:02:56.8602210Z [command]/usr/bin/git config --local --name-only --get-regexp http\.https\:\/\/github\.com\/\.extraheader
dispatched-scale	Run actions/checkout@v4	2026-10-07T20:02:56.8639051Z [command]/usr/bin/git submodule foreach --recursive sh -c "git config --local --name-only --get-regexp 'http\.https\:\/\/github\.com\/\.extraheader' && git config --local --unset-all 'http.https://github.com/.extraheader' || :"
dispatched-scale	Run actions/checkout@v4	2026-10-07T20:02:56.8842879Z [command]/usr/bin/git config --local --name-only --get-regexp ^includeIf\.gitdir:
dispatched-scale	Run actions/checkout@v4	2026-10-07T20:02:56.8874990Z [command]/usr/bin/git submodule foreach --recursive git config --local --show-origin --name-only --get-regexp remote.origin.url
dispatched-scale	Run actions/checkout@v4	2026-10-07T20:02:56.9063800Z [command]/usr/bin/git config --local http.https://github.com/.extraheader AUTHORIZATION: basic ***
dispatched-scale	Run actions/checkout@v4	2026-10-07T20:02:56.9101583Z ##[endgroup]
dispatched-scale	Run actions/checkout@v4	2026-10-07T20:02:56.9102531Z ##[group]Fetching the repository
dispatched-scale	Run actions/checkout@v4	2026-10-07T20:02:56.9110872Z [command]/usr/bin/git -c protocol.version=2 fetch --no-tags --prune --no-recurse-submodules --depth=1 origin +84ce6da2a18faa2c63a55fa7d662aff670fbe472:refs/remotes/origin/codex/2026-10-07-ct-regression-followup
dispatched-scale	Run actions/checkout@v4	2026-10-07T20:02:58.1444359Z From https://github.com/Skyelabz210/NINE65_v7
dispatched-scale	Run actions/checkout@v4	2026-10-07T20:02:58.1445997Z  * [new ref]         84ce6da2a18faa2c63a55fa7d662aff670fbe472 -> origin/codex/2026-10-07-ct-regression-followup
dispatched-scale	Run actions/checkout@v4	2026-10-07T20:02:58.1449095Z ##[endgroup]
dispatched-scale	Run actions/checkout@v4	2026-10-07T20:02:58.1450656Z ##[group]Determining the checkout info
dispatched-scale	Run actions/checkout@v4	2026-10-07T20:02:58.1452071Z ##[endgroup]
dispatched-scale	Run actions/checkout@v4	2026-10-07T20:02:58.1455341Z [command]/usr/bin/git sparse-checkout disable
dispatched-scale	Run actions/checkout@v4	2026-10-07T20:02:58.1657868Z [command]/usr/bin/git config --local --unset-all extensions.worktreeConfig
dispatched-scale	Run actions/checkout@v4	2026-10-07T20:02:58.1701204Z ##[group]Checking out the ref
dispatched-scale	Run actions/checkout@v4	2026-10-07T20:02:58.1704985Z [command]/usr/bin/git checkout --progress --force -B codex/2026-10-07-ct-regression-followup refs/remotes/origin/codex/2026-10-07-ct-regression-followup
dispatched-scale	Run actions/checkout@v4	2026-10-07T20:02:58.2618568Z Switched to a new branch 'codex/2026-10-07-ct-regression-followup'
dispatched-scale	Run actions/checkout@v4	2026-10-07T20:02:58.2623650Z branch 'codex/2026-10-07-ct-regression-followup' set up to track 'origin/codex/2026-10-07-ct-regression-followup'.
dispatched-scale	Run actions/checkout@v4	2026-10-07T20:02:58.2632267Z ##[endgroup]
dispatched-scale	Run actions/checkout@v4	2026-10-07T20:02:58.2675590Z [command]/usr/bin/git log -1 --format=%H
dispatched-scale	Run actions/checkout@v4	2026-10-07T20:02:58.2701205Z 84ce6da2a18faa2c63a55fa7d662aff670fbe472
dispatched-scale	Run dtolnay/rust-toolchain@1.89.0	﻿2026-10-07T20:02:58.3075689Z ##[group]Run dtolnay/rust-toolchain@1.89.0
dispatched-scale	Run dtolnay/rust-toolchain@1.89.0	2026-10-07T20:02:58.3076579Z with:
dispatched-scale	Run dtolnay/rust-toolchain@1.89.0	2026-10-07T20:02:58.3077148Z ##[endgroup]
dispatched-scale	Run dtolnay/rust-toolchain@1.89.0	2026-10-07T20:02:58.3146561Z ##[start-action display=Parse toolchain version;id=__dtolnay_rust-toolchain.parse]
dispatched-scale	Run dtolnay/rust-toolchain@1.89.0	2026-10-07T20:02:58.3205065Z ##[group]Run if [[ -z $toolchain ]]; then
dispatched-scale	Run dtolnay/rust-toolchain@1.89.0	2026-10-07T20:02:58.3205790Z [36;1mif [[ -z $toolchain ]]; then[0m
dispatched-scale	Run dtolnay/rust-toolchain@1.89.0	2026-10-07T20:02:58.3206601Z [36;1m  # GitHub does not enforce `required: true` inputs itself. https://github.com/actions/runner/issues/1070[0m
dispatched-scale	Run dtolnay/rust-toolchain@1.89.0	2026-10-07T20:02:58.3207383Z [36;1m  echo "'toolchain' is a required input" >&2[0m
dispatched-scale	Run dtolnay/rust-toolchain@1.89.0	2026-10-07T20:02:58.3207972Z [36;1m  exit 1[0m
dispatched-scale	Run dtolnay/rust-toolchain@1.89.0	2026-10-07T20:02:58.3209309Z [36;1melif [[ $toolchain =~ ^stable' '[0-9]+' '(year|month|week|day)s?' 'ago$ ]]; then[0m
dispatched-scale	Run dtolnay/rust-toolchain@1.89.0	2026-10-07T20:02:58.3210001Z [36;1m  if [[ Linux == macOS ]]; then[0m
dispatched-scale	Run dtolnay/rust-toolchain@1.89.0	2026-10-07T20:02:58.3210939Z [36;1m    echo "toolchain=1.$((($(date -v-$(sed 's/stable \([0-9]*\) \(.\).*/\1\2/' <<< $toolchain) +%s)/60/60/24-16569)/7/6))" >> $GITHUB_OUTPUT[0m
dispatched-scale	Run dtolnay/rust-toolchain@1.89.0	2026-10-07T20:02:58.3211727Z [36;1m  else[0m
dispatched-scale	Run dtolnay/rust-toolchain@1.89.0	2026-10-07T20:02:58.3212398Z [36;1m    echo "toolchain=1.$((($(date --date "${toolchain#stable }" +%s)/60/60/24-16569)/7/6))" >> $GITHUB_OUTPUT[0m
dispatched-scale	Run dtolnay/rust-toolchain@1.89.0	2026-10-07T20:02:58.3213090Z [36;1m  fi[0m
dispatched-scale	Run dtolnay/rust-toolchain@1.89.0	2026-10-07T20:02:58.3213715Z [36;1melif [[ $toolchain =~ ^stable' 'minus' '[0-9]+' 'releases?$ ]]; then[0m
dispatched-scale	Run dtolnay/rust-toolchain@1.89.0	2026-10-07T20:02:58.3214523Z [36;1m  echo "toolchain=1.$((($(date +%s)/60/60/24-16569)/7/6-${toolchain//[^0-9]/}))" >> $GITHUB_OUTPUT[0m
dispatched-scale	Run dtolnay/rust-toolchain@1.89.0	2026-10-07T20:02:58.3215221Z [36;1melif [[ $toolchain =~ ^1\.[0-9]+$ ]]; then[0m
dispatched-scale	Run dtolnay/rust-toolchain@1.89.0	2026-10-07T20:02:58.3215979Z [36;1m  echo "toolchain=1.$((i=${toolchain#1.}, c=($(date +%s)/60/60/24-16569)/7/6, i+9*i*(10*i<=c)+90*i*(100*i<=c)))" >> $GITHUB_OUTPUT[0m
dispatched-scale	Run dtolnay/rust-toolchain@1.89.0	2026-10-07T20:02:58.3216807Z [36;1melse[0m
dispatched-scale	Run dtolnay/rust-toolchain@1.89.0	2026-10-07T20:02:58.3217392Z [36;1m  echo "toolchain=$toolchain" >> $GITHUB_OUTPUT[0m
dispatched-scale	Run dtolnay/rust-toolchain@1.89.0	2026-10-07T20:02:58.3217971Z [36;1mfi[0m
dispatched-scale	Run dtolnay/rust-toolchain@1.89.0	2026-10-07T20:02:58.4967975Z shell: /usr/bin/bash --noprofile --norc -e -o pipefail {0}
dispatched-scale	Run dtolnay/rust-toolchain@1.89.0	2026-10-07T20:02:58.4968549Z env:
dispatched-scale	Run dtolnay/rust-toolchain@1.89.0	2026-10-07T20:02:58.4968759Z   toolchain: 1.89.0
dispatched-scale	Run dtolnay/rust-toolchain@1.89.0	2026-10-07T20:02:58.4968911Z ##[endgroup]
dispatched-scale	Run dtolnay/rust-toolchain@1.89.0	2026-10-07T20:02:58.5090344Z ##[end-action id=__dtolnay_rust-toolchain.parse;outcome=success;conclusion=success;duration_ms=194]
dispatched-scale	Run dtolnay/rust-toolchain@1.89.0	2026-10-07T20:02:58.5099139Z ##[start-action display=Construct rustup command line;id=__dtolnay_rust-toolchain.flags]
dispatched-scale	Run dtolnay/rust-toolchain@1.89.0	2026-10-07T20:02:58.5121095Z ##[group]Run echo "targets=$(for t in ${targets//,/ }; do echo -n ' --target' $t; done)" >> $GITHUB_OUTPUT
dispatched-scale	Run dtolnay/rust-toolchain@1.89.0	2026-10-07T20:02:58.5121499Z [36;1mecho "targets=$(for t in ${targets//,/ }; do echo -n ' --target' $t; done)" >> $GITHUB_OUTPUT[0m
dispatched-scale	Run dtolnay/rust-toolchain@1.89.0	2026-10-07T20:02:58.5121859Z [36;1mecho "components=$(for c in ${components//,/ }; do echo -n ' --component' $c; done)" >> $GITHUB_OUTPUT[0m
dispatched-scale	Run dtolnay/rust-toolchain@1.89.0	2026-10-07T20:02:58.5122139Z [36;1mecho "downgrade=" >> $GITHUB_OUTPUT[0m
dispatched-scale	Run dtolnay/rust-toolchain@1.89.0	2026-10-07T20:02:58.5177403Z shell: /usr/bin/bash --noprofile --norc -e -o pipefail {0}
dispatched-scale	Run dtolnay/rust-toolchain@1.89.0	2026-10-07T20:02:58.5177606Z env:
dispatched-scale	Run dtolnay/rust-toolchain@1.89.0	2026-10-07T20:02:58.5177720Z   targets: 
dispatched-scale	Run dtolnay/rust-toolchain@1.89.0	2026-10-07T20:02:58.5177856Z   components: 
dispatched-scale	Run dtolnay/rust-toolchain@1.89.0	2026-10-07T20:02:58.5177995Z ##[endgroup]
dispatched-scale	Run dtolnay/rust-toolchain@1.89.0	2026-10-07T20:02:58.5263011Z ##[end-action id=__dtolnay_rust-toolchain.flags;outcome=success;conclusion=success;duration_ms=16]
dispatched-scale	Run dtolnay/rust-toolchain@1.89.0	2026-10-07T20:02:58.5264722Z ##[start-action display=Set $CARGO_HOME;id=__dtolnay_rust-toolchain.__run]
dispatched-scale	Run dtolnay/rust-toolchain@1.89.0	2026-10-07T20:02:58.5281952Z ##[group]Run echo CARGO_HOME=${CARGO_HOME:-"$HOME/.cargo"} >> $GITHUB_ENV
dispatched-scale	Run dtolnay/rust-toolchain@1.89.0	2026-10-07T20:02:58.5282253Z [36;1mecho CARGO_HOME=${CARGO_HOME:-"$HOME/.cargo"} >> $GITHUB_ENV[0m
dispatched-scale	Run dtolnay/rust-toolchain@1.89.0	2026-10-07T20:02:58.5334250Z shell: /usr/bin/bash --noprofile --norc -e -o pipefail {0}
dispatched-scale	Run dtolnay/rust-toolchain@1.89.0	2026-10-07T20:02:58.5334457Z ##[endgroup]
dispatched-scale	Run dtolnay/rust-toolchain@1.89.0	2026-10-07T20:02:58.5413466Z ##[end-action id=__dtolnay_rust-toolchain.__run;outcome=success;conclusion=success;duration_ms=14]
dispatched-scale	Run dtolnay/rust-toolchain@1.89.0	2026-10-07T20:02:58.5415140Z ##[start-action display=Install rustup if needed;id=__dtolnay_rust-toolchain.__run_2]
dispatched-scale	Run dtolnay/rust-toolchain@1.89.0	2026-10-07T20:02:58.5434049Z ##[group]Run if ! command -v rustup &>/dev/null; then
dispatched-scale	Run dtolnay/rust-toolchain@1.89.0	2026-10-07T20:02:58.5434294Z [36;1mif ! command -v rustup &>/dev/null; then[0m
dispatched-scale	Run dtolnay/rust-toolchain@1.89.0	2026-10-07T20:02:58.5435009Z [36;1m  curl --proto '=https' --tlsv1.2 --retry 10 --retry-connrefused --location --silent --show-error --fail https://sh.rustup.rs | sh -s -- --default-toolchain none -y[0m
dispatched-scale	Run dtolnay/rust-toolchain@1.89.0	2026-10-07T20:02:58.5435428Z [36;1m  echo "$CARGO_HOME/bin" >> $GITHUB_PATH[0m
dispatched-scale	Run dtolnay/rust-toolchain@1.89.0	2026-10-07T20:02:58.5435591Z [36;1mfi[0m
dispatched-scale	Run dtolnay/rust-toolchain@1.89.0	2026-10-07T20:02:58.5490194Z shell: /usr/bin/bash --noprofile --norc -e -o pipefail {0}
dispatched-scale	Run dtolnay/rust-toolchain@1.89.0	2026-10-07T20:02:58.5490397Z env:
dispatched-scale	Run dtolnay/rust-toolchain@1.89.0	2026-10-07T20:02:58.5490521Z   CARGO_HOME: /home/runner/.cargo
dispatched-scale	Run dtolnay/rust-toolchain@1.89.0	2026-10-07T20:02:58.5490672Z ##[endgroup]
dispatched-scale	Run dtolnay/rust-toolchain@1.89.0	2026-10-07T20:02:58.5570702Z ##[end-action id=__dtolnay_rust-toolchain.__run_2;outcome=success;conclusion=success;duration_ms=15]
dispatched-scale	Run dtolnay/rust-toolchain@1.89.0	2026-10-07T20:02:58.5572653Z ##[start-action display=Install rustup if needed on windows;id=__dtolnay_rust-toolchain.__run_3]
dispatched-scale	Run dtolnay/rust-toolchain@1.89.0	2026-10-07T20:02:58.5579462Z ##[end-action id=__dtolnay_rust-toolchain.__run_3;outcome=skipped;conclusion=skipped;duration_ms=0]
dispatched-scale	Run dtolnay/rust-toolchain@1.89.0	2026-10-07T20:02:58.5587243Z ##[start-action display=rustup toolchain install 1.89.0;id=__dtolnay_rust-toolchain.__run_4]
dispatched-scale	Run dtolnay/rust-toolchain@1.89.0	2026-10-07T20:02:58.5602542Z ##[group]Run log=$(mktemp)
dispatched-scale	Run dtolnay/rust-toolchain@1.89.0	2026-10-07T20:02:58.5602740Z [36;1mlog=$(mktemp)[0m
dispatched-scale	Run dtolnay/rust-toolchain@1.89.0	2026-10-07T20:02:58.5602886Z [36;1mtrap 'rm -f "$log"' EXIT[0m
dispatched-scale	Run dtolnay/rust-toolchain@1.89.0	2026-10-07T20:02:58.5603042Z [36;1mfor attempt in 1 2 3 4 5; do[0m
dispatched-scale	Run dtolnay/rust-toolchain@1.89.0	2026-10-07T20:02:58.5603340Z [36;1m  if rustup toolchain install 1.89.0 --profile minimal --no-self-update --force-non-host 2>&1 | tee "$log"; then[0m
dispatched-scale	Run dtolnay/rust-toolchain@1.89.0	2026-10-07T20:02:58.5603640Z [36;1m    break[0m
dispatched-scale	Run dtolnay/rust-toolchain@1.89.0	2026-10-07T20:02:58.5603765Z [36;1m  else[0m
dispatched-scale	Run dtolnay/rust-toolchain@1.89.0	2026-10-07T20:02:58.5603888Z [36;1m    status=$?[0m
dispatched-scale	Run dtolnay/rust-toolchain@1.89.0	2026-10-07T20:02:58.5604017Z [36;1m  fi[0m
dispatched-scale	Run dtolnay/rust-toolchain@1.89.0	2026-10-07T20:02:58.5604199Z [36;1m  if [[ $attempt == 5 ]] || ! grep -Fq 'checksum failed for ' "$log" \[0m
dispatched-scale	Run dtolnay/rust-toolchain@1.89.0	2026-10-07T20:02:58.5604517Z [36;1m      || ! grep -Fq 'this is likely due to an ongoing update of the official release server' "$log"; then[0m
dispatched-scale	Run dtolnay/rust-toolchain@1.89.0	2026-10-07T20:02:58.5604781Z [36;1m    exit "$status"[0m
dispatched-scale	Run dtolnay/rust-toolchain@1.89.0	2026-10-07T20:02:58.5604913Z [36;1m  fi[0m
dispatched-scale	Run dtolnay/rust-toolchain@1.89.0	2026-10-07T20:02:58.5605129Z [36;1m  echo "Retrying rustup toolchain install in 30 seconds (retry $attempt of 4)" >&2[0m
dispatched-scale	Run dtolnay/rust-toolchain@1.89.0	2026-10-07T20:02:58.5605372Z [36;1m  sleep 30[0m
dispatched-scale	Run dtolnay/rust-toolchain@1.89.0	2026-10-07T20:02:58.5605493Z [36;1mdone[0m
dispatched-scale	Run dtolnay/rust-toolchain@1.89.0	2026-10-07T20:02:58.5660941Z shell: /usr/bin/bash --noprofile --norc -e -o pipefail {0}
dispatched-scale	Run dtolnay/rust-toolchain@1.89.0	2026-10-07T20:02:58.5661135Z env:
dispatched-scale	Run dtolnay/rust-toolchain@1.89.0	2026-10-07T20:02:58.5661256Z   CARGO_HOME: /home/runner/.cargo
dispatched-scale	Run dtolnay/rust-toolchain@1.89.0	2026-10-07T20:02:58.5661412Z   RUSTUP_PERMIT_COPY_RENAME: 1
dispatched-scale	Run dtolnay/rust-toolchain@1.89.0	2026-10-07T20:02:58.5661557Z ##[endgroup]
dispatched-scale	Run dtolnay/rust-toolchain@1.89.0	2026-10-07T20:02:59.2121534Z info: syncing channel updates for 1.89.0-x86_64-unknown-linux-gnu
dispatched-scale	Run dtolnay/rust-toolchain@1.89.0	2026-10-07T20:02:59.5673859Z info: latest update on 2025-08-07 for version 1.89.0 (29483883e 2025-08-04)
dispatched-scale	Run dtolnay/rust-toolchain@1.89.0	2026-10-07T20:02:59.5674535Z info: downloading 3 components
dispatched-scale	Run dtolnay/rust-toolchain@1.89.0	2026-10-07T20:03:05.8559771Z 
dispatched-scale	Run dtolnay/rust-toolchain@1.89.0	2026-10-07T20:03:05.8628133Z   1.89.0-x86_64-unknown-linux-gnu installed - rustc 1.89.0 (29483883e 2025-08-04)
dispatched-scale	Run dtolnay/rust-toolchain@1.89.0	2026-10-07T20:03:05.8628606Z 
dispatched-scale	Run dtolnay/rust-toolchain@1.89.0	2026-10-07T20:03:05.8704970Z ##[end-action id=__dtolnay_rust-toolchain.__run_4;outcome=success;conclusion=success;duration_ms=7311]
dispatched-scale	Run dtolnay/rust-toolchain@1.89.0	2026-10-07T20:03:05.8710620Z ##[start-action display=rustup default 1.89.0;id=__dtolnay_rust-toolchain.__run_5]
dispatched-scale	Run dtolnay/rust-toolchain@1.89.0	2026-10-07T20:03:05.8751707Z ##[group]Run rustup default 1.89.0 --force-non-host
dispatched-scale	Run dtolnay/rust-toolchain@1.89.0	2026-10-07T20:03:05.8751944Z [36;1mrustup default 1.89.0 --force-non-host[0m
dispatched-scale	Run dtolnay/rust-toolchain@1.89.0	2026-10-07T20:03:05.8806909Z shell: /usr/bin/bash --noprofile --norc -e -o pipefail {0}
dispatched-scale	Run dtolnay/rust-toolchain@1.89.0	2026-10-07T20:03:05.8807107Z env:
dispatched-scale	Run dtolnay/rust-toolchain@1.89.0	2026-10-07T20:03:05.8807232Z   CARGO_HOME: /home/runner/.cargo
dispatched-scale	Run dtolnay/rust-toolchain@1.89.0	2026-10-07T20:03:05.8807383Z ##[endgroup]
dispatched-scale	Run dtolnay/rust-toolchain@1.89.0	2026-10-07T20:03:05.8923019Z info: using existing install for 1.89.0-x86_64-unknown-linux-gnu
dispatched-scale	Run dtolnay/rust-toolchain@1.89.0	2026-10-07T20:03:05.8988121Z info: default toolchain set to 1.89.0-x86_64-unknown-linux-gnu
dispatched-scale	Run dtolnay/rust-toolchain@1.89.0	2026-10-07T20:03:05.8988459Z 
dispatched-scale	Run dtolnay/rust-toolchain@1.89.0	2026-10-07T20:03:05.9054939Z   1.89.0-x86_64-unknown-linux-gnu unchanged - rustc 1.89.0 (29483883e 2025-08-04)
dispatched-scale	Run dtolnay/rust-toolchain@1.89.0	2026-10-07T20:03:05.9055191Z 
dispatched-scale	Run dtolnay/rust-toolchain@1.89.0	2026-10-07T20:03:05.9055959Z info: note that the toolchain '1.89.0-x86_64-unknown-linux-gnu' is currently in use (overridden by '/home/runner/work/NINE65_v7/NINE65_v7/rust-toolchain.toml')
dispatched-scale	Run dtolnay/rust-toolchain@1.89.0	2026-10-07T20:03:05.9072218Z ##[end-action id=__dtolnay_rust-toolchain.__run_5;outcome=success;conclusion=success;duration_ms=36]
dispatched-scale	Run dtolnay/rust-toolchain@1.89.0	2026-10-07T20:03:05.9074348Z ##[start-action display=Create cachekey;id=__dtolnay_rust-toolchain.rustc-version]
dispatched-scale	Run dtolnay/rust-toolchain@1.89.0	2026-10-07T20:03:05.9090531Z ##[group]Run DATE=$(rustc +1.89.0 --version --verbose | sed -ne 's/^commit-date: \(20[0-9][0-9]\)-\([01][0-9]\)-\([0-3][0-9]\)$/\1\2\3/p')
dispatched-scale	Run dtolnay/rust-toolchain@1.89.0	2026-10-07T20:03:05.9091045Z [36;1mDATE=$(rustc +1.89.0 --version --verbose | sed -ne 's/^commit-date: \(20[0-9][0-9]\)-\([01][0-9]\)-\([0-3][0-9]\)$/\1\2\3/p')[0m
dispatched-scale	Run dtolnay/rust-toolchain@1.89.0	2026-10-07T20:03:05.9091440Z [36;1mHASH=$(rustc +1.89.0 --version --verbose | sed -ne 's/^commit-hash: //p')[0m
dispatched-scale	Run dtolnay/rust-toolchain@1.89.0	2026-10-07T20:03:05.9091751Z [36;1mecho "cachekey=$(echo $DATE$HASH | head -c12)" >> $GITHUB_OUTPUT[0m
dispatched-scale	Run dtolnay/rust-toolchain@1.89.0	2026-10-07T20:03:05.9146124Z shell: /usr/bin/bash --noprofile --norc -e -o pipefail {0}
dispatched-scale	Run dtolnay/rust-toolchain@1.89.0	2026-10-07T20:03:05.9146345Z env:
dispatched-scale	Run dtolnay/rust-toolchain@1.89.0	2026-10-07T20:03:05.9146482Z   CARGO_HOME: /home/runner/.cargo
dispatched-scale	Run dtolnay/rust-toolchain@1.89.0	2026-10-07T20:03:05.9146662Z ##[endgroup]
dispatched-scale	Run dtolnay/rust-toolchain@1.89.0	2026-10-07T20:03:05.9467791Z ##[end-action id=__dtolnay_rust-toolchain.rustc-version;outcome=success;conclusion=success;duration_ms=39]
dispatched-scale	Run dtolnay/rust-toolchain@1.89.0	2026-10-07T20:03:05.9470189Z ##[start-action display=Disable incremental compilation;id=__dtolnay_rust-toolchain.__run_6]
dispatched-scale	Run dtolnay/rust-toolchain@1.89.0	2026-10-07T20:03:05.9485619Z ##[group]Run if [ -z "${CARGO_INCREMENTAL+set}" ]; then
dispatched-scale	Run dtolnay/rust-toolchain@1.89.0	2026-10-07T20:03:05.9485886Z [36;1mif [ -z "${CARGO_INCREMENTAL+set}" ]; then[0m
dispatched-scale	Run dtolnay/rust-toolchain@1.89.0	2026-10-07T20:03:05.9486082Z [36;1m  echo CARGO_INCREMENTAL=0 >> $GITHUB_ENV[0m
dispatched-scale	Run dtolnay/rust-toolchain@1.89.0	2026-10-07T20:03:05.9486249Z [36;1mfi[0m
dispatched-scale	Run dtolnay/rust-toolchain@1.89.0	2026-10-07T20:03:05.9541193Z shell: /usr/bin/bash --noprofile --norc -e -o pipefail {0}
dispatched-scale	Run dtolnay/rust-toolchain@1.89.0	2026-10-07T20:03:05.9541412Z env:
dispatched-scale	Run dtolnay/rust-toolchain@1.89.0	2026-10-07T20:03:05.9541549Z   CARGO_HOME: /home/runner/.cargo
dispatched-scale	Run dtolnay/rust-toolchain@1.89.0	2026-10-07T20:03:05.9541705Z ##[endgroup]
dispatched-scale	Run dtolnay/rust-toolchain@1.89.0	2026-10-07T20:03:05.9641109Z ##[end-action id=__dtolnay_rust-toolchain.__run_6;outcome=success;conclusion=success;duration_ms=17]
dispatched-scale	Run dtolnay/rust-toolchain@1.89.0	2026-10-07T20:03:05.9643039Z ##[start-action display=Enable colors in Cargo output;id=__dtolnay_rust-toolchain.__run_7]
dispatched-scale	Run dtolnay/rust-toolchain@1.89.0	2026-10-07T20:03:05.9657915Z ##[group]Run if [ -z "${CARGO_TERM_COLOR+set}" ]; then
dispatched-scale	Run dtolnay/rust-toolchain@1.89.0	2026-10-07T20:03:05.9658161Z [36;1mif [ -z "${CARGO_TERM_COLOR+set}" ]; then[0m
dispatched-scale	Run dtolnay/rust-toolchain@1.89.0	2026-10-07T20:03:05.9658546Z [36;1m  echo CARGO_TERM_COLOR=always >> $GITHUB_ENV[0m
dispatched-scale	Run dtolnay/rust-toolchain@1.89.0	2026-10-07T20:03:05.9658719Z [36;1mfi[0m
dispatched-scale	Run dtolnay/rust-toolchain@1.89.0	2026-10-07T20:03:05.9712183Z shell: /usr/bin/bash --noprofile --norc -e -o pipefail {0}
dispatched-scale	Run dtolnay/rust-toolchain@1.89.0	2026-10-07T20:03:05.9712387Z env:
dispatched-scale	Run dtolnay/rust-toolchain@1.89.0	2026-10-07T20:03:05.9712512Z   CARGO_HOME: /home/runner/.cargo
dispatched-scale	Run dtolnay/rust-toolchain@1.89.0	2026-10-07T20:03:05.9712662Z   CARGO_INCREMENTAL: 0
dispatched-scale	Run dtolnay/rust-toolchain@1.89.0	2026-10-07T20:03:05.9712790Z ##[endgroup]
dispatched-scale	Run dtolnay/rust-toolchain@1.89.0	2026-10-07T20:03:05.9789320Z ##[end-action id=__dtolnay_rust-toolchain.__run_7;outcome=success;conclusion=success;duration_ms=14]
dispatched-scale	Run dtolnay/rust-toolchain@1.89.0	2026-10-07T20:03:05.9791177Z ##[start-action display=Enable Cargo sparse registry;id=__dtolnay_rust-toolchain.__run_8]
dispatched-scale	Run dtolnay/rust-toolchain@1.89.0	2026-10-07T20:03:05.9806995Z ##[group]Run # implemented in 1.66, stabilized in 1.68, made default in 1.70
dispatched-scale	Run dtolnay/rust-toolchain@1.89.0	2026-10-07T20:03:05.9807332Z [36;1m# implemented in 1.66, stabilized in 1.68, made default in 1.70[0m
dispatched-scale	Run dtolnay/rust-toolchain@1.89.0	2026-10-07T20:03:05.9807758Z [36;1mif [ -z "${CARGO_REGISTRIES_CRATES_IO_PROTOCOL+set}" -o -f "/home/runner/work/_temp"/.implicit_cargo_registries_crates_io_protocol ]; then[0m
dispatched-scale	Run dtolnay/rust-toolchain@1.89.0	2026-10-07T20:03:05.9808170Z [36;1m  if rustc +1.89.0 --version --verbose | grep -q '^release: 1\.6[89]\.'; then[0m
dispatched-scale	Run dtolnay/rust-toolchain@1.89.0	2026-10-07T20:03:05.9808759Z [36;1m    touch "/home/runner/work/_temp"/.implicit_cargo_registries_crates_io_protocol || true[0m
dispatched-scale	Run dtolnay/rust-toolchain@1.89.0	2026-10-07T20:03:05.9809069Z [36;1m    echo CARGO_REGISTRIES_CRATES_IO_PROTOCOL=sparse >> $GITHUB_ENV[0m
dispatched-scale	Run dtolnay/rust-toolchain@1.89.0	2026-10-07T20:03:05.9809379Z [36;1m  elif rustc +1.89.0 --version --verbose | grep -q '^release: 1\.6[67]\.'; then[0m
dispatched-scale	Run dtolnay/rust-toolchain@1.89.0	2026-10-07T20:03:05.9809699Z [36;1m    touch "/home/runner/work/_temp"/.implicit_cargo_registries_crates_io_protocol || true[0m
dispatched-scale	Run dtolnay/rust-toolchain@1.89.0	2026-10-07T20:03:05.9809994Z [36;1m    echo CARGO_REGISTRIES_CRATES_IO_PROTOCOL=git >> $GITHUB_ENV[0m
dispatched-scale	Run dtolnay/rust-toolchain@1.89.0	2026-10-07T20:03:05.9810193Z [36;1m  fi[0m
dispatched-scale	Run dtolnay/rust-toolchain@1.89.0	2026-10-07T20:03:05.9810454Z [36;1mfi[0m
dispatched-scale	Run dtolnay/rust-toolchain@1.89.0	2026-10-07T20:03:05.9863316Z shell: /usr/bin/bash --noprofile --norc -e -o pipefail {0}
dispatched-scale	Run dtolnay/rust-toolchain@1.89.0	2026-10-07T20:03:05.9863532Z env:
dispatched-scale	Run dtolnay/rust-toolchain@1.89.0	2026-10-07T20:03:05.9863658Z   CARGO_HOME: /home/runner/.cargo
dispatched-scale	Run dtolnay/rust-toolchain@1.89.0	2026-10-07T20:03:05.9863817Z   CARGO_INCREMENTAL: 0
dispatched-scale	Run dtolnay/rust-toolchain@1.89.0	2026-10-07T20:03:05.9863948Z   CARGO_TERM_COLOR: always
dispatched-scale	Run dtolnay/rust-toolchain@1.89.0	2026-10-07T20:03:05.9864082Z ##[endgroup]
dispatched-scale	Run dtolnay/rust-toolchain@1.89.0	2026-10-07T20:03:06.0155639Z ##[end-action id=__dtolnay_rust-toolchain.__run_8;outcome=success;conclusion=success;duration_ms=36]
dispatched-scale	Run dtolnay/rust-toolchain@1.89.0	2026-10-07T20:03:06.0157824Z ##[start-action display=Work around spurious network errors in curl 8.0;id=__dtolnay_rust-toolchain.__run_9]
dispatched-scale	Run dtolnay/rust-toolchain@1.89.0	2026-10-07T20:03:06.0174524Z ##[group]Run # https://rust-lang.zulipchat.com/#narrow/stream/246057-t-cargo/topic/timeout.20investigation
dispatched-scale	Run dtolnay/rust-toolchain@1.89.0	2026-10-07T20:03:06.0175006Z [36;1m# https://rust-lang.zulipchat.com/#narrow/stream/246057-t-cargo/topic/timeout.20investigation[0m
dispatched-scale	Run dtolnay/rust-toolchain@1.89.0	2026-10-07T20:03:06.0175354Z [36;1mif rustc +1.89.0 --version --verbose | grep -q '^release: 1\.7[01]\.'; then[0m
dispatched-scale	Run dtolnay/rust-toolchain@1.89.0	2026-10-07T20:03:06.0175638Z [36;1m  echo CARGO_HTTP_MULTIPLEXING=false >> $GITHUB_ENV[0m
dispatched-scale	Run dtolnay/rust-toolchain@1.89.0	2026-10-07T20:03:06.0175834Z [36;1mfi[0m
dispatched-scale	Run dtolnay/rust-toolchain@1.89.0	2026-10-07T20:03:06.0229726Z shell: /usr/bin/bash --noprofile --norc -e -o pipefail {0}
dispatched-scale	Run dtolnay/rust-toolchain@1.89.0	2026-10-07T20:03:06.0229938Z env:
dispatched-scale	Run dtolnay/rust-toolchain@1.89.0	2026-10-07T20:03:06.0230069Z   CARGO_HOME: /home/runner/.cargo
dispatched-scale	Run dtolnay/rust-toolchain@1.89.0	2026-10-07T20:03:06.0230220Z   CARGO_INCREMENTAL: 0
dispatched-scale	Run dtolnay/rust-toolchain@1.89.0	2026-10-07T20:03:06.0230351Z   CARGO_TERM_COLOR: always
dispatched-scale	Run dtolnay/rust-toolchain@1.89.0	2026-10-07T20:03:06.0230488Z ##[endgroup]
dispatched-scale	Run dtolnay/rust-toolchain@1.89.0	2026-10-07T20:03:06.0420503Z ##[end-action id=__dtolnay_rust-toolchain.__run_9;outcome=success;conclusion=success;duration_ms=26]
dispatched-scale	Run dtolnay/rust-toolchain@1.89.0	2026-10-07T20:03:06.0424213Z ##[start-action display=rustc +1.89.0 --version --verbose;id=__dtolnay_rust-toolchain.__run_10]
dispatched-scale	Run dtolnay/rust-toolchain@1.89.0	2026-10-07T20:03:06.0439831Z ##[group]Run rustc +1.89.0 --version --verbose
dispatched-scale	Run dtolnay/rust-toolchain@1.89.0	2026-10-07T20:03:06.0440062Z [36;1mrustc +1.89.0 --version --verbose[0m
dispatched-scale	Run dtolnay/rust-toolchain@1.89.0	2026-10-07T20:03:06.0493865Z shell: /usr/bin/bash --noprofile --norc -e -o pipefail {0}
dispatched-scale	Run dtolnay/rust-toolchain@1.89.0	2026-10-07T20:03:06.0494096Z env:
dispatched-scale	Run dtolnay/rust-toolchain@1.89.0	2026-10-07T20:03:06.0494232Z   CARGO_HOME: /home/runner/.cargo
dispatched-scale	Run dtolnay/rust-toolchain@1.89.0	2026-10-07T20:03:06.0494418Z   CARGO_INCREMENTAL: 0
dispatched-scale	Run dtolnay/rust-toolchain@1.89.0	2026-10-07T20:03:06.0494565Z   CARGO_TERM_COLOR: always
dispatched-scale	Run dtolnay/rust-toolchain@1.89.0	2026-10-07T20:03:06.0494706Z ##[endgroup]
dispatched-scale	Run dtolnay/rust-toolchain@1.89.0	2026-10-07T20:03:06.0668785Z rustc 1.89.0 (29483883e 2025-08-04)
dispatched-scale	Run dtolnay/rust-toolchain@1.89.0	2026-10-07T20:03:06.0669225Z binary: rustc
dispatched-scale	Run dtolnay/rust-toolchain@1.89.0	2026-10-07T20:03:06.0669431Z commit-hash: 29483883eed69d5fb4db01964cdf2af4d86e9cb2
dispatched-scale	Run dtolnay/rust-toolchain@1.89.0	2026-10-07T20:03:06.0669666Z commit-date: 2025-08-04
dispatched-scale	Run dtolnay/rust-toolchain@1.89.0	2026-10-07T20:03:06.0669833Z host: x86_64-unknown-linux-gnu
dispatched-scale	Run dtolnay/rust-toolchain@1.89.0	2026-10-07T20:03:06.0669988Z release: 1.89.0
dispatched-scale	Run dtolnay/rust-toolchain@1.89.0	2026-10-07T20:03:06.0670188Z LLVM version: 20.1.7
dispatched-scale	Run dtolnay/rust-toolchain@1.89.0	2026-10-07T20:03:06.0684648Z ##[end-action id=__dtolnay_rust-toolchain.__run_10;outcome=success;conclusion=success;duration_ms=25]
dispatched-scale	Build comparative probe	﻿2026-10-07T20:03:06.0736730Z ##[group]Run cargo build -p nine65 \
dispatched-scale	Build comparative probe	2026-10-07T20:03:06.0736982Z [36;1mcargo build -p nine65 \[0m
dispatched-scale	Build comparative probe	2026-10-07T20:03:06.0737149Z [36;1m  --bin cram_comparative_probe \[0m
dispatched-scale	Build comparative probe	2026-10-07T20:03:06.0737328Z [36;1m  --features serde,allow_insecure[0m
dispatched-scale	Build comparative probe	2026-10-07T20:03:06.0794036Z shell: /usr/bin/bash -e {0}
dispatched-scale	Build comparative probe	2026-10-07T20:03:06.0794231Z env:
dispatched-scale	Build comparative probe	2026-10-07T20:03:06.0794396Z   CARGO_HOME: /home/runner/.cargo
dispatched-scale	Build comparative probe	2026-10-07T20:03:06.0794568Z   CARGO_INCREMENTAL: 0
dispatched-scale	Build comparative probe	2026-10-07T20:03:06.0794725Z   CARGO_TERM_COLOR: always
dispatched-scale	Build comparative probe	2026-10-07T20:03:06.0794885Z ##[endgroup]
dispatched-scale	Build comparative probe	2026-10-07T20:03:06.1291725Z info: syncing channel updates for 1.89.0-x86_64-unknown-linux-gnu
dispatched-scale	Build comparative probe	2026-10-07T20:03:06.2909592Z info: latest update on 2025-08-07 for version 1.89.0 (29483883e 2025-08-04)
dispatched-scale	Build comparative probe	2026-10-07T20:03:06.3008589Z info: downloading 2 components
dispatched-scale	Build comparative probe	2026-10-07T20:03:06.9778069Z [1m[33mwarning[0m[1m:[0m profiles for the non root package will be ignored, specify profiles at the workspace root:
dispatched-scale	Build comparative probe	2026-10-07T20:03:06.9778702Z package:   /home/runner/work/NINE65_v7/NINE65_v7/crates/exact_transcendentals/Cargo.toml
dispatched-scale	Build comparative probe	2026-10-07T20:03:06.9779037Z workspace: /home/runner/work/NINE65_v7/NINE65_v7/Cargo.toml
dispatched-scale	Build comparative probe	2026-10-07T20:03:06.9943424Z [1m[32m    Updating[0m crates.io index
dispatched-scale	Build comparative probe	2026-10-07T20:03:07.4046294Z [1m[32m Downloading[0m crates ...
dispatched-scale	Build comparative probe	2026-10-07T20:03:07.4807563Z [1m[32m  Downloaded[0m block-buffer v0.10.4
dispatched-scale	Build comparative probe	2026-10-07T20:03:07.4840575Z [1m[32m  Downloaded[0m cfg-if v1.0.4
dispatched-scale	Build comparative probe	2026-10-07T20:03:07.4862100Z [1m[32m  Downloaded[0m crypto-common v0.1.7
dispatched-scale	Build comparative probe	2026-10-07T20:03:07.4907285Z [1m[32m  Downloaded[0m generic-array v0.14.7
dispatched-scale	Build comparative probe	2026-10-07T20:03:07.4951659Z [1m[32m  Downloaded[0m bincode_derive v2.0.1
dispatched-scale	Build comparative probe	2026-10-07T20:03:07.5082759Z [1m[32m  Downloaded[0m cpufeatures v0.2.17
dispatched-scale	Build comparative probe	2026-10-07T20:03:07.5126260Z [1m[32m  Downloaded[0m zeroize_derive v1.4.2
dispatched-scale	Build comparative probe	2026-10-07T20:03:07.5146778Z [1m[32m  Downloaded[0m digest v0.10.7
dispatched-scale	Build comparative probe	2026-10-07T20:03:07.5162842Z [1m[32m  Downloaded[0m thiserror v1.0.69
dispatched-scale	Build comparative probe	2026-10-07T20:03:07.5211265Z [1m[32m  Downloaded[0m virtue v0.0.18
dispatched-scale	Build comparative probe	2026-10-07T20:03:07.5231297Z [1m[32m  Downloaded[0m version_check v0.9.5
dispatched-scale	Build comparative probe	2026-10-07T20:03:07.5241697Z [1m[32m  Downloaded[0m unty v0.0.4
dispatched-scale	Build comparative probe	2026-10-07T20:03:07.5249647Z [1m[32m  Downloaded[0m bincode v2.0.1
dispatched-scale	Build comparative probe	2026-10-07T20:03:07.5292101Z [1m[32m  Downloaded[0m subtle v2.6.1
dispatched-scale	Build comparative probe	2026-10-07T20:03:07.5350438Z [1m[32m  Downloaded[0m itoa v1.0.16
dispatched-scale	Build comparative probe	2026-10-07T20:03:07.5371022Z [1m[32m  Downloaded[0m zeroize v1.8.2
dispatched-scale	Build comparative probe	2026-10-07T20:03:07.5381670Z [1m[32m  Downloaded[0m getrandom v0.2.16
dispatched-scale	Build comparative probe	2026-10-07T20:03:07.5414030Z [1m[32m  Downloaded[0m thiserror-impl v1.0.69
dispatched-scale	Build comparative probe	2026-10-07T20:03:07.5424453Z [1m[32m  Downloaded[0m quote v1.0.42
dispatched-scale	Build comparative probe	2026-10-07T20:03:07.5446008Z [1m[32m  Downloaded[0m sha2 v0.10.9
dispatched-scale	Build comparative probe	2026-10-07T20:03:07.5483997Z [1m[32m  Downloaded[0m unicode-ident v1.0.22
dispatched-scale	Build comparative probe	2026-10-07T20:03:07.5514432Z [1m[32m  Downloaded[0m zmij v0.1.7
dispatched-scale	Build comparative probe	2026-10-07T20:03:07.5543384Z [1m[32m  Downloaded[0m serde_derive v1.0.228
dispatched-scale	Build comparative probe	2026-10-07T20:03:07.5568204Z [1m[32m  Downloaded[0m proc-macro2 v1.0.103
dispatched-scale	Build comparative probe	2026-10-07T20:03:07.5597290Z [1m[32m  Downloaded[0m typenum v1.19.0
dispatched-scale	Build comparative probe	2026-10-07T20:03:07.5620526Z [1m[32m  Downloaded[0m serde_core v1.0.228
dispatched-scale	Build comparative probe	2026-10-07T20:03:07.5643247Z [1m[32m  Downloaded[0m serde v1.0.228
dispatched-scale	Build comparative probe	2026-10-07T20:03:07.5670994Z [1m[32m  Downloaded[0m memchr v2.7.6
dispatched-scale	Build comparative probe	2026-10-07T20:03:07.5731371Z [1m[32m  Downloaded[0m serde_json v1.0.147
dispatched-scale	Build comparative probe	2026-10-07T20:03:07.5790715Z [1m[32m  Downloaded[0m syn v2.0.111
dispatched-scale	Build comparative probe	2026-10-07T20:03:07.5998079Z [1m[32m  Downloaded[0m libc v0.2.178
dispatched-scale	Build comparative probe	2026-10-07T20:03:07.6388022Z [1m[32m Downloading[0m crates ...
dispatched-scale	Build comparative probe	2026-10-07T20:03:07.6692996Z [1m[32m  Downloaded[0m criterion v0.5.1
dispatched-scale	Build comparative probe	2026-10-07T20:03:07.6795386Z [1m[32m Downloading[0m crates ...
dispatched-scale	Build comparative probe	2026-10-07T20:03:07.7085913Z [1m[32m  Downloaded[0m proptest v1.9.0
dispatched-scale	Build comparative probe	2026-10-07T20:03:07.7185041Z [1m[32m Downloading[0m crates ...
dispatched-scale	Build comparative probe	2026-10-07T20:03:07.7336155Z [1m[32m  Downloaded[0m rand_chacha v0.3.1
dispatched-scale	Build comparative probe	2026-10-07T20:03:07.7360326Z [1m[32m Downloading[0m crates ...
dispatched-scale	Build comparative probe	2026-10-07T20:03:07.7510531Z [1m[32m  Downloaded[0m rand_core v0.6.4
dispatched-scale	Build comparative probe	2026-10-07T20:03:07.7619893Z [1m[32m   Compiling[0m proc-macro2 v1.0.103
dispatched-scale	Build comparative probe	2026-10-07T20:03:07.7620304Z [1m[32m   Compiling[0m quote v1.0.42
dispatched-scale	Build comparative probe	2026-10-07T20:03:07.7620652Z [1m[32m   Compiling[0m unicode-ident v1.0.22
dispatched-scale	Build comparative probe	2026-10-07T20:03:07.7621086Z [1m[32m   Compiling[0m version_check v0.9.5
dispatched-scale	Build comparative probe	2026-10-07T20:03:07.8119032Z [1m[32m   Compiling[0m typenum v1.19.0
dispatched-scale	Build comparative probe	2026-10-07T20:03:07.9222522Z [1m[32m   Compiling[0m generic-array v0.14.7
dispatched-scale	Build comparative probe	2026-10-07T20:03:08.2004460Z [1m[32m   Compiling[0m serde_core v1.0.228
dispatched-scale	Build comparative probe	2026-10-07T20:03:08.2019612Z [1m[32m   Compiling[0m libc v0.2.178
dispatched-scale	Build comparative probe	2026-10-07T20:03:08.4692054Z [1m[32m   Compiling[0m thiserror v1.0.69
dispatched-scale	Build comparative probe	2026-10-07T20:03:08.6918670Z [1m[32m   Compiling[0m virtue v0.0.18
dispatched-scale	Build comparative probe	2026-10-07T20:03:08.8139896Z [1m[32m   Compiling[0m syn v2.0.111
dispatched-scale	Build comparative probe	2026-10-07T20:03:09.0489869Z [1m[32m   Compiling[0m crypto-common v0.1.7
dispatched-scale	Build comparative probe	2026-10-07T20:03:09.0910735Z [1m[32m   Compiling[0m block-buffer v0.10.4
dispatched-scale	Build comparative probe	2026-10-07T20:03:09.1499939Z [1m[32m   Compiling[0m serde v1.0.228
dispatched-scale	Build comparative probe	2026-10-07T20:03:09.1649886Z [1m[32m   Compiling[0m cfg-if v1.0.4
dispatched-scale	Build comparative probe	2026-10-07T20:03:09.1899917Z [1m[32m   Compiling[0m serde_json v1.0.147
dispatched-scale	Build comparative probe	2026-10-07T20:03:09.3369800Z [1m[32m   Compiling[0m bincode_derive v2.0.1
dispatched-scale	Build comparative probe	2026-10-07T20:03:09.3710433Z [1m[32m   Compiling[0m digest v0.10.7
dispatched-scale	Build comparative probe	2026-10-07T20:03:09.8322398Z [1m[32m   Compiling[0m itoa v1.0.16
dispatched-scale	Build comparative probe	2026-10-07T20:03:09.9260500Z [1m[32m   Compiling[0m nine65 v0.1.0 (/home/runner/work/NINE65_v7/NINE65_v7/crates/nine65)
dispatched-scale	Build comparative probe	2026-10-07T20:03:10.0720856Z [1m[32m   Compiling[0m zmij v0.1.7
dispatched-scale	Build comparative probe	2026-10-07T20:03:10.1003386Z [1m[32m   Compiling[0m memchr v2.7.6
dispatched-scale	Build comparative probe	2026-10-07T20:03:10.1508225Z [1m[32m   Compiling[0m unty v0.0.4
dispatched-scale	Build comparative probe	2026-10-07T20:03:10.1779830Z [1m[32m   Compiling[0m cpufeatures v0.2.17
dispatched-scale	Build comparative probe	2026-10-07T20:03:10.2058891Z [1m[32m   Compiling[0m sha2 v0.10.9
dispatched-scale	Build comparative probe	2026-10-07T20:03:10.3060827Z [1m[32m   Compiling[0m getrandom v0.2.16
dispatched-scale	Build comparative probe	2026-10-07T20:03:10.3959667Z [1m[32m   Compiling[0m bincode v2.0.1
dispatched-scale	Build comparative probe	2026-10-07T20:03:10.7499905Z [1m[32m   Compiling[0m subtle v2.6.1
dispatched-scale	Build comparative probe	2026-10-07T20:03:10.8210095Z [1m[32m   Compiling[0m exact_transcendentals v1.0.0 (/home/runner/work/NINE65_v7/NINE65_v7/crates/exact_transcendentals)
dispatched-scale	Build comparative probe	2026-10-07T20:03:11.7850758Z [1m[32m   Compiling[0m zeroize_derive v1.4.2
dispatched-scale	Build comparative probe	2026-10-07T20:03:11.8689675Z [1m[32m   Compiling[0m thiserror-impl v1.0.69
dispatched-scale	Build comparative probe	2026-10-07T20:03:11.8729672Z [1m[32m   Compiling[0m serde_derive v1.0.228
dispatched-scale	Build comparative probe	2026-10-07T20:03:12.3749846Z [1m[32m   Compiling[0m zeroize v1.8.2
dispatched-scale	Build comparative probe	2026-10-07T20:03:12.4540462Z [1m[32m   Compiling[0m mana v0.1.0 (/home/runner/work/NINE65_v7/NINE65_v7/crates/mana)
dispatched-scale	Build comparative probe	2026-10-07T20:03:12.6305742Z [1m[32m   Compiling[0m unhal v0.1.0 (/home/runner/work/NINE65_v7/NINE65_v7/crates/unhal)
dispatched-scale	Build comparative probe	2026-10-07T20:03:17.9579563Z [1m[32m    Finished[0m `dev` profile [unoptimized + debuginfo] target(s) in 10.98s
dispatched-scale	Assemble exact sweep command	﻿2026-10-07T20:03:17.9909474Z ##[group]Run args=(--profile 'quick' --skip-build \
dispatched-scale	Assemble exact sweep command	2026-10-07T20:03:17.9909740Z [36;1margs=(--profile 'quick' --skip-build \[0m
dispatched-scale	Assemble exact sweep command	2026-10-07T20:03:17.9909952Z [36;1m  --output-dir artifacts/v7_scale_sweep/dispatched \[0m
dispatched-scale	Assemble exact sweep command	2026-10-07T20:03:17.9910147Z [36;1m  --iterations '0' \[0m
dispatched-scale	Assemble exact sweep command	2026-10-07T20:03:17.9910293Z [36;1m  --mul-iterations '0' \[0m
dispatched-scale	Assemble exact sweep command	2026-10-07T20:03:17.9910442Z [36;1m  --ct-mul-depth '0')[0m
dispatched-scale	Assemble exact sweep command	2026-10-07T20:03:17.9910584Z [36;1mif test -n ''; then[0m
dispatched-scale	Assemble exact sweep command	2026-10-07T20:03:17.9910722Z [36;1m  args+=(--configs '')[0m
dispatched-scale	Assemble exact sweep command	2026-10-07T20:03:17.9910867Z [36;1mfi[0m
dispatched-scale	Assemble exact sweep command	2026-10-07T20:03:17.9910983Z [36;1mif test -n ''; then[0m
dispatched-scale	Assemble exact sweep command	2026-10-07T20:03:17.9911119Z [36;1m  args+=(--seeds '')[0m
dispatched-scale	Assemble exact sweep command	2026-10-07T20:03:17.9911245Z [36;1mfi[0m
dispatched-scale	Assemble exact sweep command	2026-10-07T20:03:17.9911358Z [36;1mif test 'true' = 'true'; then[0m
dispatched-scale	Assemble exact sweep command	2026-10-07T20:03:17.9911521Z [36;1m  args+=(--require-depth-complete)[0m
dispatched-scale	Assemble exact sweep command	2026-10-07T20:03:17.9911676Z [36;1mfi[0m
dispatched-scale	Assemble exact sweep command	2026-10-07T20:03:17.9911803Z [36;1mprintf '%q ' "${args[@]}" > sweep_args.txt[0m
dispatched-scale	Assemble exact sweep command	2026-10-07T20:03:17.9965375Z shell: /usr/bin/bash --noprofile --norc -e -o pipefail {0}
dispatched-scale	Assemble exact sweep command	2026-10-07T20:03:17.9965572Z env:
dispatched-scale	Assemble exact sweep command	2026-10-07T20:03:17.9965688Z   CARGO_HOME: /home/runner/.cargo
dispatched-scale	Assemble exact sweep command	2026-10-07T20:03:17.9965833Z   CARGO_INCREMENTAL: 0
dispatched-scale	Assemble exact sweep command	2026-10-07T20:03:17.9965961Z   CARGO_TERM_COLOR: always
dispatched-scale	Assemble exact sweep command	2026-10-07T20:03:17.9966091Z ##[endgroup]
dispatched-scale	Run scale sweep	﻿2026-10-07T20:03:18.0055435Z ##[group]Run eval "python3 scripts/run_nine65_v7_scale_sweep.py $(cat sweep_args.txt)"
dispatched-scale	Run scale sweep	2026-10-07T20:03:18.0055792Z [36;1meval "python3 scripts/run_nine65_v7_scale_sweep.py $(cat sweep_args.txt)"[0m
dispatched-scale	Run scale sweep	2026-10-07T20:03:18.0056074Z [36;1mpython3 scripts/analyze_cram_fhe_hypotheses.py \[0m
dispatched-scale	Run scale sweep	2026-10-07T20:03:18.0056287Z [36;1m  artifacts/v7_scale_sweep/dispatched/cases \[0m
dispatched-scale	Run scale sweep	2026-10-07T20:03:18.0056538Z [36;1m  --output artifacts/v7_scale_sweep/dispatched/hypothesis_analysis.json \[0m
dispatched-scale	Run scale sweep	2026-10-07T20:03:18.0056834Z [36;1m  > artifacts/v7_scale_sweep/dispatched/hypothesis_analysis.stdout.log[0m
dispatched-scale	Run scale sweep	2026-10-07T20:03:18.0104733Z shell: /usr/bin/bash -e {0}
dispatched-scale	Run scale sweep	2026-10-07T20:03:18.0104880Z env:
dispatched-scale	Run scale sweep	2026-10-07T20:03:18.0104998Z   CARGO_HOME: /home/runner/.cargo
dispatched-scale	Run scale sweep	2026-10-07T20:03:18.0105147Z   CARGO_INCREMENTAL: 0
dispatched-scale	Run scale sweep	2026-10-07T20:03:18.0105279Z   CARGO_TERM_COLOR: always
dispatched-scale	Run scale sweep	2026-10-07T20:03:18.0105412Z ##[endgroup]
dispatched-scale	Run scale sweep	2026-10-07T20:04:05.3196526Z {
dispatched-scale	Run scale sweep	2026-10-07T20:04:05.3196978Z   "manifest": "artifacts/v7_scale_sweep/dispatched/manifest.json",
dispatched-scale	Run scale sweep	2026-10-07T20:04:05.3197382Z   "summary": {
dispatched-scale	Run scale sweep	2026-10-07T20:04:05.3197564Z     "cases": 2,
dispatched-scale	Run scale sweep	2026-10-07T20:04:05.3197698Z     "process_failures": 0,
dispatched-scale	Run scale sweep	2026-10-07T20:04:05.3198099Z     "missing_or_invalid_results": 0,
dispatched-scale	Run scale sweep	2026-10-07T20:04:05.3198482Z     "operation_correctness_failures": 0,
dispatched-scale	Run scale sweep	2026-10-07T20:04:05.3198714Z     "depth_complete": 2,
dispatched-scale	Run scale sweep	2026-10-07T20:04:05.3198903Z     "depth_stops": 0
dispatched-scale	Run scale sweep	2026-10-07T20:04:05.3199069Z   }
dispatched-scale	Run scale sweep	2026-10-07T20:04:05.3199217Z }
dispatched-scale	Run actions/upload-artifact@v4	﻿2026-10-07T20:04:05.3610049Z ##[group]Run actions/upload-artifact@v4
dispatched-scale	Run actions/upload-artifact@v4	2026-10-07T20:04:05.3610242Z with:
dispatched-scale	Run actions/upload-artifact@v4	2026-10-07T20:04:05.3610367Z   name: nine65-v7-scale-quick
dispatched-scale	Run actions/upload-artifact@v4	2026-10-07T20:04:05.3610528Z   path: artifacts/v7_scale_sweep/dispatched
dispatched-scale	Run actions/upload-artifact@v4	2026-10-07T20:04:05.3610695Z   if-no-files-found: warn
dispatched-scale	Run actions/upload-artifact@v4	2026-10-07T20:04:05.3610832Z   compression-level: 6
dispatched-scale	Run actions/upload-artifact@v4	2026-10-07T20:04:05.3610957Z   overwrite: false
dispatched-scale	Run actions/upload-artifact@v4	2026-10-07T20:04:05.3611082Z   include-hidden-files: false
dispatched-scale	Run actions/upload-artifact@v4	2026-10-07T20:04:05.3611220Z env:
dispatched-scale	Run actions/upload-artifact@v4	2026-10-07T20:04:05.3611341Z   CARGO_HOME: /home/runner/.cargo
dispatched-scale	Run actions/upload-artifact@v4	2026-10-07T20:04:05.3611484Z   CARGO_INCREMENTAL: 0
dispatched-scale	Run actions/upload-artifact@v4	2026-10-07T20:04:05.3611614Z   CARGO_TERM_COLOR: always
dispatched-scale	Run actions/upload-artifact@v4	2026-10-07T20:04:05.3611744Z ##[endgroup]
dispatched-scale	Run actions/upload-artifact@v4	2026-10-07T20:04:05.4773486Z (node:4092) [DEP0040] DeprecationWarning: The `punycode` module is deprecated. Please use a userland alternative instead.
dispatched-scale	Run actions/upload-artifact@v4	2026-10-07T20:04:05.4774181Z (Use `node --trace-deprecation ...` to show where the warning was created)
dispatched-scale	Run actions/upload-artifact@v4	2026-10-07T20:04:05.4839691Z With the provided path, there will be 9 files uploaded
dispatched-scale	Run actions/upload-artifact@v4	2026-10-07T20:04:05.4840304Z Artifact name is valid!
dispatched-scale	Run actions/upload-artifact@v4	2026-10-07T20:04:05.4840519Z Root directory input is valid!
dispatched-scale	Run actions/upload-artifact@v4	2026-10-07T20:04:05.7817115Z Beginning upload of artifact content to blob storage
dispatched-scale	Run actions/upload-artifact@v4	2026-10-07T20:04:05.8009543Z (node:4092) [DEP0169] DeprecationWarning: `url.parse()` behavior is not standardized and prone to errors that have security implications. Use the WHATWG URL API instead. CVEs are not issued for `url.parse()` vulnerabilities.
dispatched-scale	Run actions/upload-artifact@v4	2026-10-07T20:04:05.9722703Z Uploaded bytes 9543
dispatched-scale	Run actions/upload-artifact@v4	2026-10-07T20:04:06.0096573Z Finished uploading artifact content to blob storage!
dispatched-scale	Run actions/upload-artifact@v4	2026-10-07T20:04:06.0097761Z SHA256 digest of uploaded artifact zip is 7b8ece94417fc874f2de0cc5106ec84d62db3bbdca208c7d893312f75189cb74
dispatched-scale	Run actions/upload-artifact@v4	2026-10-07T20:04:06.0098555Z Finalizing artifact upload
dispatched-scale	Run actions/upload-artifact@v4	2026-10-07T20:04:06.3333690Z Artifact nine65-v7-scale-quick.zip successfully finalized. Artifact ID 11508691801
dispatched-scale	Run actions/upload-artifact@v4	2026-10-07T20:04:06.3334397Z Artifact nine65-v7-scale-quick has been successfully uploaded! Final size is 9543 bytes. Artifact ID is 11508691801
dispatched-scale	Run actions/upload-artifact@v4	2026-10-07T20:04:06.3340124Z Artifact download URL: https://github.com/Skyelabz210/NINE65_v7/actions/runs/37679066010/artifacts/11508691801
dispatched-scale	Enforce dispatched matrix after evidence capture	﻿2026-10-07T20:04:06.3450425Z ##[group]Run test 'success' = 'success'
dispatched-scale	Enforce dispatched matrix after evidence capture	2026-10-07T20:04:06.3450684Z [36;1mtest 'success' = 'success'[0m
dispatched-scale	Enforce dispatched matrix after evidence capture	2026-10-07T20:04:06.3504670Z shell: /usr/bin/bash -e {0}
dispatched-scale	Enforce dispatched matrix after evidence capture	2026-10-07T20:04:06.3504831Z env:
dispatched-scale	Enforce dispatched matrix after evidence capture	2026-10-07T20:04:06.3504954Z   CARGO_HOME: /home/runner/.cargo
dispatched-scale	Enforce dispatched matrix after evidence capture	2026-10-07T20:04:06.3505116Z   CARGO_INCREMENTAL: 0
dispatched-scale	Enforce dispatched matrix after evidence capture	2026-10-07T20:04:06.3505251Z   CARGO_TERM_COLOR: always
dispatched-scale	Enforce dispatched matrix after evidence capture	2026-10-07T20:04:06.3505392Z ##[endgroup]
dispatched-scale	Post Run actions/checkout@v4	﻿2026-10-07T20:04:06.3656557Z Post job cleanup.
dispatched-scale	Post Run actions/checkout@v4	2026-10-07T20:04:06.4229830Z [command]/usr/bin/git version
dispatched-scale	Post Run actions/checkout@v4	2026-10-07T20:04:06.4265239Z git version 2.55.0
dispatched-scale	Post Run actions/checkout@v4	2026-10-07T20:04:06.4292201Z Temporarily overriding HOME='/home/runner/work/_temp/2a356c19-18ee-4126-951e-066f77f7d6e5' before making global git config changes
dispatched-scale	Post Run actions/checkout@v4	2026-10-07T20:04:06.4292929Z Adding repository directory to the temporary git global config as a safe directory
dispatched-scale	Post Run actions/checkout@v4	2026-10-07T20:04:06.4296002Z [command]/usr/bin/git config --global --add safe.directory /home/runner/work/NINE65_v7/NINE65_v7
dispatched-scale	Post Run actions/checkout@v4	2026-10-07T20:04:06.4333526Z [command]/usr/bin/git config --local --name-only --get-regexp core\.sshCommand
dispatched-scale	Post Run actions/checkout@v4	2026-10-07T20:04:06.4364920Z [command]/usr/bin/git submodule foreach --recursive sh -c "git config --local --name-only --get-regexp 'core\.sshCommand' && git config --local --unset-all 'core.sshCommand' || :"
dispatched-scale	Post Run actions/checkout@v4	2026-10-07T20:04:06.4583592Z [command]/usr/bin/git config --local --name-only --get-regexp http\.https\:\/\/github\.com\/\.extraheader
dispatched-scale	Post Run actions/checkout@v4	2026-10-07T20:04:06.4606357Z http.https://github.com/.extraheader
dispatched-scale	Post Run actions/checkout@v4	2026-10-07T20:04:06.4619652Z [command]/usr/bin/git config --local --unset-all http.https://github.com/.extraheader
dispatched-scale	Post Run actions/checkout@v4	2026-10-07T20:04:06.4655253Z [command]/usr/bin/git submodule foreach --recursive sh -c "git config --local --name-only --get-regexp 'http\.https\:\/\/github\.com\/\.extraheader' && git config --local --unset-all 'http.https://github.com/.extraheader' || :"
dispatched-scale	Post Run actions/checkout@v4	2026-10-07T20:04:06.4872282Z [command]/usr/bin/git config --local --name-only --get-regexp ^includeIf\.gitdir:
dispatched-scale	Post Run actions/checkout@v4	2026-10-07T20:04:06.4904583Z [command]/usr/bin/git submodule foreach --recursive git config --local --show-origin --name-only --get-regexp remote.origin.url
dispatched-scale	Complete job	﻿2026-10-07T20:04:06.5224911Z Cleaning up orphan processes
dispatched-scale	Complete job	2026-10-07T20:04:06.5484636Z ##[warning]Node.js 20 is deprecated. The following actions target Node.js 20 but are being forced to run on Node.js 24: actions/checkout@v4, actions/upload-artifact@v4. For more information see: https://github.blog/changelog/2025-09-19-deprecation-of-node-20-on-github-actions-runners/
